"Station Name","TORONTO CITY CENTRE"
"Province","ONTARIO"
"Latitude","43.63"
"Longitude","-79.40"
"Elevation","76.80"
"Climate Identifier","6158359"
"WMO Identifier","71265"
"TC Identifier","YTZ"
"All times are specified in Local Standard Time (LST). Add 1 hour to adjust for Daylight Saving Time where and when it is observed."

"Legend"
"E","Estimated"
"M","Missing"
"NA","Not Available"

"Date/Time","Year","Month","Day","Time","Temp (°C)","Temp Flag","Dew Point Temp (°C)","Dew Point Temp Flag","Rel Hum (%)","Rel Hum Flag","Wind Dir (10s deg)","Wind Dir Flag","Wind Spd (km/h)","Wind Spd Flag","Visibility (km)","Visibility Flag","Stn Press (kPa)","Stn Press Flag","Hmdx","Hmdx Flag","Wind Chill","Wind Chill Flag","Weather"
"2016-11-01 00:00","2016","11","01","00:00","7.7","","1.6","","65","","12","","21","","16.1","","101.22","","","","","","NA"
"2016-11-01 01:00","2016","11","01","01:00","7.8","","2.7","","70","","10","","18","","16.1","","101.16","","","","","","NA"
"2016-11-01 02:00","2016","11","01","02:00","8.3","","3.6","","72","","11","","17","","16.1","","101.15","","","","","","NA"
"2016-11-01 03:00","2016","11","01","03:00","7.6","","3.8","","77","","11","","8","","16.1","","101.14","","","","","","NA"
"2016-11-01 04:00","2016","11","01","04:00","7.6","","4.4","","80","","12","","8","","16.1","","101.03","","","","","","NA"
"2016-11-01 05:00","2016","11","01","05:00","8.7","","5.1","","78","","14","","13","","16.1","","100.99","","","","","","NA"
"2016-11-01 06:00","2016","11","01","06:00","9.0","","5.5","","78","","14","","11","","16.1","","100.96","","","","","","NA"
"2016-11-01 07:00","2016","11","01","07:00","9.2","","5.8","","79","","13","","9","","16.1","","100.92","","","","","","NA"
"2016-11-01 08:00","2016","11","01","08:00","10.6","","6.0","","73","","16","","15","","16.1","","100.95","","","","","","NA"
"2016-11-01 09:00","2016","11","01","09:00","10.9","","6.1","","72","","14","","11","","16.1","","100.90","","","","","","NA"
"2016-11-01 10:00","2016","11","01","10:00","11.9","","6.8","","71","","15","","13","","16.1","","100.90","","","","","","NA"
"2016-11-01 11:00","2016","11","01","11:00","11.7","","7.1","","73","","12","","13","","16.1","","100.81","","","","","","NA"
"2016-11-01 12:00","2016","11","01","12:00","12.2","","7.3","","72","","8","","17","","16.1","","100.73","","","","","","NA"
"2016-11-01 13:00","2016","11","01","13:00","12.6","","8.9","","78","","7","","15","","16.1","","100.64","","","","","","NA"
"2016-11-01 14:00","2016","11","01","14:00","14.1","","10.4","","78","","8","","18","","16.1","","100.60","","","","","","NA"
"2016-11-01 15:00","2016","11","01","15:00","14.2","","10.4","","78","","8","","15","","16.1","","100.55","","","","","","NA"
"2016-11-01 16:00","2016","11","01","16:00"
"2016-11-01 17:00","2016","11","01","17:00","13.0","","10.7","","86","","8","","9","","16.1","","100.52","","","","","","NA"
"2016-11-01 18:00","2016","11","01","18:00","13.1","","11.0","","87","","8","","11","","16.1","","100.57","","","","","","NA"
"2016-11-01 19:00","2016","11","01","19:00","15.5","","12.7","","83","","","","0","","16.1","","100.62","","","","","","NA"
"2016-11-01 20:00","2016","11","01","20:00","14.9","","13.5","","91","","17","","5","","16.1","","100.62","","","","","","NA"
"2016-11-01 21:00","2016","11","01","21:00","15.1","","13.3","","89","","20","","11","","16.1","","100.64","","","","","","NA"
"2016-11-01 22:00","2016","11","01","22:00","15.7","","13.6","","87","","","M","4","","16.1","","100.68","","","","","","NA"
"2016-11-01 23:00","2016","11","01","23:00","16.0","","13.7","","86","","","","0","","16.1","","100.73","","","","","","NA"
"2016-11-02 00:00","2016","11","02","00:00","13.8","","13.0","","95","","19","","4","","12.9","","100.77","","","","","","NA"
"2016-11-02 01:00","2016","11","02","01:00","14.3","","13.7","","96","","","","0","","9.7","","100.81","","","","","","Fog"
"2016-11-02 02:00","2016","11","02","02:00","14.9","","13.8","","93","","30","","5","","12.9","","100.87","","","","","","NA"
"2016-11-02 03:00","2016","11","02","03:00","14.5","","13.2","","92","","31","","4","","14.5","","100.89","","","","","","NA"
"2016-11-02 04:00","2016","11","02","04:00","14.1","","13.0","","93","","19","","5","","9.7","","100.96","","","","","","Fog"
"2016-11-02 05:00","2016","11","02","05:00","13.6","","12.8","","95","","","M","4","","8.1","","101.02","","","","","","Fog"
"2016-11-02 06:00","2016","11","02","06:00","14.5","","13.3","","92","","34","","8","","12.9","","101.06","","","","","","NA"
"2016-11-02 07:00","2016","11","02","07:00","13.7","","12.9","","95","","","","0","","8.1","","101.14","","","","","","Fog"
"2016-11-02 08:00","2016","11","02","08:00","15.5","","13.3","","86","","36","","5","","11.3","","101.24","","","","","","NA"
"2016-11-02 09:00","2016","11","02","09:00","17.0","","13.5","","80","","34","","8","","16.1","","101.20","","","","","","NA"
"2016-11-02 10:00","2016","11","02","10:00","17.4","","12.6","","73","","2","","11","","16.1","","101.15","","","","","","NA"
"2016-11-02 11:00","2016","11","02","11:00","18.0","","11.8","","67","","2","","5","","16.1","","101.25","","","","","","NA"
"2016-11-02 12:00","2016","11","02","12:00","18.9","","10.7","","59","","2","","5","","16.1","","101.19","","","","","","NA"
"2016-11-02 13:00","2016","11","02","13:00","17.1","","12.9","","76","","18","","9","","16.1","","101.13","","","","","","NA"
"2016-11-02 14:00","2016","11","02","14:00","16.5","","12.4","","76","","","","0","","16.1","","101.11","","","","","","NA"
"2016-11-02 15:00","2016","11","02","15:00","14.9","","13.0","","88","","28","","8","","14.5","","101.15","","","","","","Rain"
"2016-11-02 16:00","2016","11","02","16:00","16.3","","12.0","","75","","3","","5","","16.1","","101.09","","","","","","Rain"
"2016-11-02 17:00","2016","11","02","17:00","14.1","","12.8","","92","","17","","11","","9.7","","101.14","","","","","","Rain,Fog"
"2016-11-02 18:00","2016","11","02","18:00","13.4","","11.5","","88","","28","","5","","16.1","","101.20","","","","","","Rain"
"2016-11-02 19:00","2016","11","02","19:00","13.0","","12.0","","93","","5","","8","","8.1","","101.07","","","","","","Rain,Fog"
"2016-11-02 20:00","2016","11","02","20:00","14.1","","12.3","","89","","","M","4","","12.9","","101.09","","","","","","Rain"
"2016-11-02 21:00","2016","11","02","21:00","13.0","","12.4","","96","","13","","4","","4.8","","101.06","","","","","","Fog"
"2016-11-02 22:00","2016","11","02","22:00","12.9","","12.1","","95","","","","0","","6.4","","101.05","","","","","","Fog"
"2016-11-02 23:00","2016","11","02","23:00","12.9","","12.0","","94","","7","","4","","8.1","","100.96","","","","","","Fog"
"2016-11-03 00:00","2016","11","03","00:00","12.9","","12.1","","95","","7","","5","","14.5","","100.90","","","","","","NA"
"2016-11-03 01:00","2016","11","03","01:00","13.1","","12.5","","96","","9","","8","","16.1","","100.79","","","","","","NA"
"2016-11-03 02:00","2016","11","03","02:00","12.9","","12.4","","97","","8","","8","","4.8","","100.74","","","","","","Rain,Fog"
"2016-11-03 03:00","2016","11","03","03:00","13.1","","12.5","","96","","6","","13","","4.8","","100.64","","","","","","Rain,Fog"
"2016-11-03 04:00","2016","11","03","04:00","12.1","","10.7","","91","","34","","18","","8.1","","100.63","","","","","","Moderate Rain,Fog"
"2016-11-03 05:00","2016","11","03","05:00","11.2","","10.1","","93","","36","","17","","11.3","","100.65","","","","","","Moderate Rain"
"2016-11-03 06:00","2016","11","03","06:00","11.1","","9.7","","91","","34","","22","","12.9","","100.67","","","","","","Rain"
"2016-11-03 07:00","2016","11","03","07:00","10.9","","9.0","","88","","35","","17","","16.1","","100.62","","","","","","Rain"
"2016-11-03 08:00","2016","11","03","08:00","10.5","","8.6","","88","","35","","8","","16.1","","100.70","","","","","","NA"
"2016-11-03 09:00","2016","11","03","09:00","11.6","","8.8","","83","","32","","15","","16.1","","100.82","","","","","","NA"
"2016-11-03 10:00","2016","11","03","10:00","11.2","","8.0","","81","","33","","24","","16.1","","100.89","","","","","","NA"
"2016-11-03 11:00","2016","11","03","11:00","12.3","","8.0","","75","","33","","22","","16.1","","100.87","","","","","","NA"
"2016-11-03 12:00","2016","11","03","12:00","13.3","","8.2","","71","","29","","22","","16.1","","100.88","","","","","","NA"
"2016-11-03 13:00","2016","11","03","13:00","14.1","","7.9","","66","","32","","15","","16.1","","100.83","","","","","","NA"
"2016-11-03 14:00","2016","11","03","14:00","14.7","","6.9","","59","","30","","15","","16.1","","100.81","","","","","","NA"
"2016-11-03 15:00","2016","11","03","15:00","14.9","","5.8","","54","","31","","18","","16.1","","100.82","","","","","","NA"
"2016-11-03 16:00","2016","11","03","16:00","14.3","","7.6","","64","","34","","15","","16.1","","100.87","","","","","","NA"
"2016-11-03 17:00","2016","11","03","17:00","12.5","","6.8","","68","","32","","21","","16.1","","100.95","","","","","","NA"
"2016-11-03 18:00","2016","11","03","18:00","11.8","","6.6","","70","","32","","18","","16.1","","101.01","","","","","","NA"
"2016-11-03 19:00","2016","11","03","19:00","10.8","","5.8","","71","","33","","18","","16.1","","101.09","","","","","","NA"
"2016-11-03 20:00","2016","11","03","20:00","10.3","","5.3","","71","","32","","18","","16.1","","101.12","","","","","","NA"
"2016-11-03 21:00","2016","11","03","21:00","9.7","","5.5","","75","","33","","17","","16.1","","101.16","","","","","","NA"
"2016-11-03 22:00","2016","11","03","22:00","9.5","","5.3","","75","","33","","9","","16.1","","101.22","","","","","","NA"
"2016-11-03 23:00","2016","11","03","23:00","8.9","","4.5","","74","","33","","13","","16.1","","101.31","","","","","","NA"
"2016-11-04 00:00","2016","11","04","00:00","8.3","","3.8","","73","","35","","18","","16.1","","101.40","","","","","","NA"
"2016-11-04 01:00","2016","11","04","01:00","7.6","","3.5","","75","","33","","13","","16.1","","101.45","","","","","","NA"
"2016-11-04 02:00","2016","11","04","02:00","6.9","","3.7","","80","","33","","5","","16.1","","101.48","","","","","","NA"
"2016-11-04 03:00","2016","11","04","03:00","6.5","","3.7","","82","","31","","8","","16.1","","101.50","","","","","","NA"
"2016-11-04 04:00","2016","11","04","04:00","5.8","","3.2","","83","","30","","9","","16.1","","101.58","","","","","","NA"
"2016-11-04 05:00","2016","11","04","05:00","5.8","","3.2","","83","","34","","9","","16.1","","101.63","","","","","","NA"
"2016-11-04 06:00","2016","11","04","06:00","5.3","","1.8","","78","","29","","9","","16.1","","101.62","","","","","","NA"
"2016-11-04 07:00","2016","11","04","07:00","5.0","","2.0","","81","","30","","9","","16.1","","101.73","","","","","","NA"
"2016-11-04 08:00","2016","11","04","08:00","5.3","","2.1","","80","","30","","9","","16.1","","101.82","","","","","","NA"
"2016-11-04 09:00","2016","11","04","09:00","6.6","","2.1","","73","","31","","9","","16.1","","101.82","","","","","","NA"
"2016-11-04 10:00","2016","11","04","10:00","7.3","","2.2","","70","","31","","11","","16.1","","101.85","","","","","","NA"
"2016-11-04 11:00","2016","11","04","11:00","8.6","","2.8","","67","","27","","17","","16.1","","101.85","","","","","","NA"
"2016-11-04 12:00","2016","11","04","12:00","9.9","","2.7","","61","","29","","17","","16.1","","101.82","","","","","","NA"
"2016-11-04 13:00","2016","11","04","13:00","10.3","","3.6","","63","","20","","15","","16.1","","101.67","","","","","","NA"
"2016-11-04 14:00","2016","11","04","14:00","9.7","","4.1","","68","","18","","18","","16.1","","101.59","","","","","","NA"
"2016-11-04 15:00","2016","11","04","15:00","12.1","","3.4","","55","","27","","21","","16.1","","101.55","","","","","","NA"
"2016-11-04 16:00","2016","11","04","16:00","12.0","","3.0","","54","","29","","13","","16.1","","101.54","","","","","","NA"
"2016-11-04 17:00","2016","11","04","17:00","11.5","","2.0","","52","","29","","18","","16.1","","101.51","","","","","","NA"
"2016-11-04 18:00","2016","11","04","18:00","10.5","","2.4","","57","","29","","17","","16.1","","101.54","","","","","","NA"
"2016-11-04 19:00","2016","11","04","19:00","9.7","","2.7","","61","","29","","18","","16.1","","101.54","","","","","","NA"
"2016-11-04 20:00","2016","11","04","20:00","8.5","","2.6","","66","","27","","17","","16.1","","101.54","","","","","","NA"
"2016-11-04 21:00","2016","11","04","21:00","8.4","","3.3","","70","","24","","18","","16.1","","101.53","","","","","","NA"
"2016-11-04 22:00","2016","11","04","22:00","8.5","","4.5","","76","","24","","22","","16.1","","101.47","","","","","","NA"
"2016-11-04 23:00","2016","11","04","23:00","8.1","","4.3","","77","","25","","21","","16.1","","101.41","","","","","","NA"
"2016-11-05 00:00","2016","11","05","00:00","8.3","","4.2","","75","","27","","21","","16.1","","101.33","","","","","","NA"
"2016-11-05 01:00","2016","11","05","01:00","9.8","","4.6","","70","","27","","30","","16.1","","101.29","","","","","","NA"
"2016-11-05 02:00","2016","11","05","02:00","9.3","","5.1","","75","","26","","26","","16.1","","101.30","","","","","","NA"
"2016-11-05 03:00","2016","11","05","03:00","9.0","","5.2","","77","","27","","18","","16.1","","101.30","","","","","","NA"
"2016-11-05 04:00","2016","11","05","04:00","8.9","","5.5","","79","","27","","17","","16.1","","101.28","","","","","","NA"
"2016-11-05 05:00","2016","11","05","05:00","8.4","","5.7","","83","","27","","15","","16.1","","101.35","","","","","","NA"
"2016-11-05 06:00","2016","11","05","06:00","8.4","","6.0","","85","","27","","13","","16.1","","101.35","","","","","","NA"
"2016-11-05 07:00","2016","11","05","07:00","8.5","","6.3","","86","","29","","13","","16.1","","101.35","","","","","","NA"
"2016-11-05 08:00","2016","11","05","08:00","9.6","","7.2","","85","","30","","18","","16.1","","101.40","","","","","","NA"
"2016-11-05 09:00","2016","11","05","09:00","11.3","","7.8","","79","","31","","24","","16.1","","101.43","","","","","","NA"
"2016-11-05 10:00","2016","11","05","10:00","12.5","","8.4","","76","","30","","26","","16.1","","101.44","","","","","","NA"
"2016-11-05 11:00","2016","11","05","11:00","12.8","","8.5","","75","","26","","21","","16.1","","101.42","","","","","","NA"
"2016-11-05 12:00","2016","11","05","12:00","13.4","","8.5","","72","","27","","21","","16.1","","101.37","","","","","","NA"
"2016-11-05 13:00","2016","11","05","13:00","15.0","","9.0","","67","","26","","24","","16.1","","101.31","","","","","","NA"
"2016-11-05 14:00","2016","11","05","14:00","15.5","","8.7","","64","","27","","17","","16.1","","101.20","","","","","","NA"
"2016-11-05 15:00","2016","11","05","15:00","16.4","","8.1","","58","","28","","21","","16.1","","101.18","","","","","","NA"
"2016-11-05 16:00","2016","11","05","16:00","16.0","","8.1","","59","","27","","17","","16.1","","101.20","","","","","","NA"
"2016-11-05 17:00","2016","11","05","17:00","15.4","","7.7","","60","","28","","17","","16.1","","101.19","","","","","","NA"
"2016-11-05 18:00","2016","11","05","18:00","13.5","","8.6","","72","","26","","15","","16.1","","101.22","","","","","","NA"
"2016-11-05 19:00","2016","11","05","19:00","13.1","","8.7","","74","","26","","18","","16.1","","101.27","","","","","","NA"
"2016-11-05 20:00","2016","11","05","20:00","12.6","","8.5","","76","","27","","17","","16.1","","101.37","","","","","","NA"
"2016-11-05 21:00","2016","11","05","21:00","12.0","","8.0","","77","","28","","13","","16.1","","101.40","","","","","","NA"
"2016-11-05 22:00","2016","11","05","22:00","11.2","","7.7","","79","","29","","8","","16.1","","101.45","","","","","","NA"
"2016-11-05 23:00","2016","11","05","23:00","11.2","","7.5","","78","","33","","13","","16.1","","101.50","","","","","","NA"
"2016-11-06 00:00","2016","11","06","00:00","10.7","","7.2","","79","","30","","8","","16.1","","101.53","","","","","","NA"
"2016-11-06 01:00","2016","11","06","01:00","10.3","","7.0","","80","","32","","9","","16.1","","101.57","","","","","","NA"
"2016-11-06 02:00","2016","11","06","02:00","10.2","","6.8","","79","","33","","9","","16.1","","101.62","","","","","","NA"
"2016-11-06 03:00","2016","11","06","03:00","9.8","","6.1","","78","","31","","11","","16.1","","101.68","","","","","","NA"
"2016-11-06 04:00","2016","11","06","04:00","9.1","","3.7","","69","","32","","13","","16.1","","101.71","","","","","","NA"
"2016-11-06 05:00","2016","11","06","05:00","8.8","","3.0","","67","","33","","11","","16.1","","101.77","","","","","","NA"
"2016-11-06 06:00","2016","11","06","06:00","7.7","","2.6","","70","","33","","9","","16.1","","101.86","","","","","","NA"
"2016-11-06 07:00","2016","11","06","07:00","7.6","","2.5","","70","","30","","5","","16.1","","101.93","","","","","","NA"
"2016-11-06 08:00","2016","11","06","08:00","8.1","","2.1","","66","","33","","11","","16.1","","102.03","","","","","","NA"
"2016-11-06 09:00","2016","11","06","09:00","9.8","","1.0","","54","","3","","5","","16.1","","102.08","","","","","","NA"
"2016-11-06 10:00","2016","11","06","10:00","10.3","","1.7","","55","","8","","11","","16.1","","102.14","","","","","","NA"
"2016-11-06 11:00","2016","11","06","11:00","10.2","","3.0","","61","","13","","13","","16.1","","102.12","","","","","","NA"
"2016-11-06 12:00","2016","11","06","12:00","10.6","","3.3","","61","","9","","11","","16.1","","102.08","","","","","","NA"
"2016-11-06 13:00","2016","11","06","13:00","10.2","","3.3","","62","","17","","11","","16.1","","102.06","","","","","","NA"
"2016-11-06 14:00","2016","11","06","14:00","10.6","","3.8","","63","","18","","11","","16.1","","102.04","","","","","","NA"
"2016-11-06 15:00","2016","11","06","15:00","10.6","","4.6","","66","","20","","13","","16.1","","102.00","","","","","","NA"
"2016-11-06 16:00","2016","11","06","16:00","10.4","","5.0","","69","","21","","15","","16.1","","102.01","","","","","","NA"
"2016-11-06 17:00","2016","11","06","17:00","9.8","","4.8","","71","","20","","9","","16.1","","102.01","","","","","","NA"
"2016-11-06 18:00","2016","11","06","18:00","9.8","","3.1","","63","","22","","8","","16.1","","102.02","","","","","","NA"
"2016-11-06 19:00","2016","11","06","19:00","9.1","","3.1","","66","","21","","4","","16.1","","102.05","","","","","","NA"
"2016-11-06 20:00","2016","11","06","20:00","8.1","","3.4","","72","","14","","4","","16.1","","102.04","","","","","","NA"
"2016-11-06 21:00","2016","11","06","21:00","7.6","","3.4","","74","","14","","4","","16.1","","102.05","","","","","","NA"
"2016-11-06 22:00","2016","11","06","22:00","9.5","","6.8","","83","","10","","4","","16.1","","102.07","","","","","","NA"
"2016-11-06 23:00","2016","11","06","23:00","7.4","","5.9","","90","","","","0","","16.1","","102.08","","","","","","NA"
"2016-11-07 00:00","2016","11","07","00:00","7.6","","7.0","","96","","","","0","","16.1","","102.09","","","","","","NA"
"2016-11-07 01:00","2016","11","07","01:00","7.1","","6.2","","94","","9","","8","","16.1","","102.09","","","","","","NA"
"2016-11-07 02:00","2016","11","07","02:00","7.2","","5.7","","90","","8","","8","","16.1","","102.09","","","","","","NA"
"2016-11-07 03:00","2016","11","07","03:00","7.3","","6.5","","95","","","","0","","16.1","","102.08","","","","","","NA"
"2016-11-07 04:00","2016","11","07","04:00","5.7","","5.1","","96","","8","","5","","16.1","","102.06","","","","","","NA"
"2016-11-07 05:00","2016","11","07","05:00","6.1","","5.7","","97","","8","","5","","12.9","","102.09","","","","","","NA"
"2016-11-07 06:00","2016","11","07","06:00","5.1","","4.1","","93","","30","","4","","16.1","","102.13","","","","","","NA"
"2016-11-07 07:00","2016","11","07","07:00","5.2","","4.5","","95","","","","0","","16.1","","102.15","","","","","","NA"
"2016-11-07 08:00","2016","11","07","08:00","5.9","","5.3","","96","","","","0","","8.1","","102.20","","","","","","Fog"
"2016-11-07 09:00","2016","11","07","09:00","9.6","","6.5","","81","","","M","4","","16.1","","102.21","","","","","","NA"
"2016-11-07 10:00","2016","11","07","10:00","10.9","","7.4","","79","","","","0","","16.1","","102.18","","","","","","NA"
"2016-11-07 11:00","2016","11","07","11:00","11.6","","8.2","","80","","20","","5","","16.1","","102.15","","","","","","NA"
"2016-11-07 12:00","2016","11","07","12:00","12.3","","7.8","","74","","19","","5","","16.1","","102.09","","","","","","NA"
"2016-11-07 13:00","2016","11","07","13:00","13.2","","8.7","","74","","13","","8","","16.1","","102.02","","","","","","NA"
"2016-11-07 14:00","2016","11","07","14:00","13.1","","9.1","","76","","6","","9","","16.1","","101.97","","","","","","NA"
"2016-11-07 15:00","2016","11","07","15:00","13.4","","9.1","","75","","7","","9","","16.1","","101.92","","","","","","NA"
"2016-11-07 16:00","2016","11","07","16:00","12.9","","9.4","","79","","6","","11","","16.1","","101.87","","","","","","NA"
"2016-11-07 17:00","2016","11","07","17:00","11.9","","9.5","","85","","8","","9","","16.1","","101.81","","","","","","NA"
"2016-11-07 18:00","2016","11","07","18:00","11.3","","10.1","","92","","10","","8","","16.1","","101.81","","","","","","NA"
"2016-11-07 19:00","2016","11","07","19:00","11.4","","10.3","","93","","7","","11","","16.1","","101.78","","","","","","NA"
"2016-11-07 20:00","2016","11","07","20:00","10.8","","9.9","","94","","9","","9","","16.1","","101.71","","","","","","NA"
"2016-11-07 21:00","2016","11","07","21:00","10.7","","9.8","","94","","7","","9","","16.1","","101.66","","","","","","NA"
"2016-11-07 22:00","2016","11","07","22:00","9.2","","8.6","","96","","8","","5","","11.3","","101.62","","","","","","NA"
"2016-11-07 23:00","2016","11","07","23:00","9.5","","9.1","","97","","7","","9","","16.1","","101.55","","","","","","NA"
"2016-11-08 00:00","2016","11","08","00:00","8.7","","8.1","","96","","8","","5","","8.1","","101.51","","","","","","Fog"
"2016-11-08 01:00","2016","11","08","01:00","7.9","","7.6","","98","","8","","5","","4.8","","101.46","","","","","","Fog"
"2016-11-08 02:00","2016","11","08","02:00","7.1","","6.9","","98","","8","","5","","0.6","","101.43","","","","","","Fog"
"2016-11-08 03:00","2016","11","08","03:00","7.4","","7.1","","98","","9","","5","","11.3","","101.34","","","","","","NA"
"2016-11-08 04:00","2016","11","08","04:00","7.8","","7.4","","97","","8","","5","","12.9","","101.28","","","","","","NA"
"2016-11-08 05:00","2016","11","08","05:00","8.2","","7.6","","96","","8","","9","","16.1","","101.23","","","","","","NA"
"2016-11-08 06:00","2016","11","08","06:00","7.8","","7.2","","96","","7","","8","","12.9","","101.17","","","","","","NA"
"2016-11-08 07:00","2016","11","08","07:00","7.9","","7.2","","95","","8","","8","","12.9","","101.13","","","","","","NA"
"2016-11-08 08:00","2016","11","08","08:00","8.5","","7.8","","95","","9","","5","","11.3","","101.09","","","","","","NA"
"2016-11-08 09:00","2016","11","08","09:00","11.2","","9.5","","89","","19","","5","","16.1","","101.05","","","","","","NA"
"2016-11-08 10:00","2016","11","08","10:00","11.9","","8.5","","79","","24","","8","","16.1","","100.98","","","","","","NA"
"2016-11-08 11:00","2016","11","08","11:00","11.6","","7.9","","78","","24","","8","","16.1","","100.92","","","","","","NA"
"2016-11-08 12:00","2016","11","08","12:00","12.7","","9.8","","82","","23","","5","","16.1","","100.81","","","","","","NA"
"2016-11-08 13:00","2016","11","08","13:00","14.1","","10.5","","79","","21","","18","","16.1","","100.71","","","","","","NA"
"2016-11-08 14:00","2016","11","08","14:00","14.3","","10.8","","79","","22","","18","","16.1","","100.61","","","","","","NA"
"2016-11-08 15:00","2016","11","08","15:00","13.9","","10.9","","82","","21","","9","","16.1","","100.58","","","","","","NA"
"2016-11-08 16:00","2016","11","08","16:00","13.8","","11.4","","85","","22","","18","","16.1","","100.55","","","","","","Rain"
"2016-11-08 17:00","2016","11","08","17:00","12.9","","11.7","","92","","25","","9","","14.5","","100.52","","","","","","Rain"
"2016-11-08 18:00","2016","11","08","18:00","12.9","","11.1","","89","","23","","21","","16.1","","100.54","","","","","","Rain"
"2016-11-08 19:00","2016","11","08","19:00","12.2","","11.1","","93","","25","","13","","6.4","","100.52","","","","","","Rain,Fog"
"2016-11-08 20:00","2016","11","08","20:00","12.4","","11.0","","91","","27","","13","","8.1","","100.51","","","","","","Rain,Fog"
"2016-11-08 21:00","2016","11","08","21:00","12.1","","10.5","","90","","27","","9","","8.1","","100.47","","","","","","Fog"
"2016-11-08 22:00","2016","11","08","22:00","12.0","","10.4","","90","","28","","9","","8.1","","100.46","","","","","","Fog"
"2016-11-08 23:00","2016","11","08","23:00","12.2","","10.0","","86","","29","","11","","9.7","","100.44","","","","","","Fog"
"2016-11-09 00:00","2016","11","09","00:00","12.1","","9.7","","85","","31","","9","","14.5","","100.41","","","","","","NA"
"2016-11-09 01:00","2016","11","09","01:00","11.8","","9.0","","83","","30","","13","","16.1","","100.42","","","","","","NA"
"2016-11-09 02:00","2016","11","09","02:00","11.6","","9.2","","85","","32","","9","","16.1","","100.43","","","","","","NA"
"2016-11-09 03:00","2016","11","09","03:00","10.2","","8.2","","87","","33","","22","","16.1","","100.47","","","","","","NA"
"2016-11-09 04:00","2016","11","09","04:00","8.8","","5.9","","82","","35","","24","","16.1","","100.60","","","","","","NA"
"2016-11-09 05:00","2016","11","09","05:00","8.1","","4.5","","78","","35","","18","","16.1","","100.67","","","","","","NA"
"2016-11-09 06:00","2016","11","09","06:00","7.6","","3.4","","75","","35","","21","","16.1","","100.72","","","","","","NA"
"2016-11-09 07:00","2016","11","09","07:00","7.2","","2.3","","71","","34","","18","","16.1","","100.81","","","","","","NA"
"2016-11-09 08:00","2016","11","09","08:00","7.5","","2.2","","69","","1","","17","","16.1","","100.88","","","","","","NA"
"2016-11-09 09:00","2016","11","09","09:00","7.9","","2.2","","67","","32","","26","","16.1","","100.93","","","","","","NA"
"2016-11-09 10:00","2016","11","09","10:00","8.1","","1.6","","63","","32","","18","","16.1","","100.99","","","","","","NA"
"2016-11-09 11:00","2016","11","09","11:00","6.8","","0.9","","66","","32","","32","","16.1","","101.01","","","","","","NA"
"2016-11-09 12:00","2016","11","09","12:00","7.0","","0.9","","65","","33","","22","","16.1","","100.98","","","","","","NA"
"2016-11-09 13:00","2016","11","09","13:00","7.4","","0.7","","62","","31","","30","","16.1","","100.91","","","","","","NA"
"2016-11-09 14:00","2016","11","09","14:00","7.5","","0.3","","60","","31","","22","","16.1","","100.91","","","","","","NA"
"2016-11-09 15:00","2016","11","09","15:00","7.6","","-0.2","","58","","32","","30","","16.1","","100.94","","","","","","NA"
"2016-11-09 16:00","2016","11","09","16:00","6.9","","-0.3","","60","","32","","18","","16.1","","100.95","","","","","","NA"
"2016-11-09 17:00","2016","11","09","17:00","6.1","","-0.4","","63","","32","","18","","16.1","","100.98","","","","","","NA"
"2016-11-09 18:00","2016","11","09","18:00","5.6","","-0.2","","66","","32","","15","","16.1","","101.11","","","","","","NA"
"2016-11-09 19:00","2016","11","09","19:00","5.2","","0.0","","69","","32","","13","","16.1","","101.12","","","","","","NA"
"2016-11-09 20:00","2016","11","09","20:00","5.1","","0.3","","71","","31","","8","","16.1","","101.15","","","","","","NA"
"2016-11-09 21:00","2016","11","09","21:00","4.3","","0.3","","75","","27","","11","","16.1","","101.14","","","","","","NA"
"2016-11-09 22:00","2016","11","09","22:00","4.2","","0.0","","74","","27","","13","","16.1","","101.16","","","","","","NA"
"2016-11-09 23:00","2016","11","09","23:00","3.9","","0.1","","76","","27","","9","","16.1","","101.12","","","","","","NA"
"2016-11-10 00:00","2016","11","10","00:00","3.3","","0.3","","81","","28","","8","","16.1","","101.09","","","","","","NA"
"2016-11-10 01:00","2016","11","10","01:00","3.6","","0.2","","79","","30","","5","","16.1","","101.02","","","","","","NA"
"2016-11-10 02:00","2016","11","10","02:00","3.3","","0.5","","82","","28","","8","","16.1","","101.00","","","","","","NA"
"2016-11-10 03:00","2016","11","10","03:00","3.4","","1.3","","86","","26","","13","","16.1","","100.95","","","","","","NA"
"2016-11-10 04:00","2016","11","10","04:00","4.3","","2.7","","89","","24","","17","","16.1","","100.91","","","","","","NA"
"2016-11-10 05:00","2016","11","10","05:00","4.6","","2.8","","88","","24","","18","","16.1","","100.82","","","","","","NA"
"2016-11-10 06:00","2016","11","10","06:00","5.3","","2.5","","82","","24","","24","","16.1","","100.78","","","","","","NA"
"2016-11-10 07:00","2016","11","10","07:00","4.6","","2.3","","85","","24","","21","","16.1","","100.67","","","","","","NA"
"2016-11-10 08:00","2016","11","10","08:00","5.6","","2.8","","82","","24","","22","","16.1","","100.63","","","","","","NA"
"2016-11-10 09:00","2016","11","10","09:00","7.1","","3.9","","80","","24","","28","","16.1","","100.49","","","","","","NA"
"2016-11-10 10:00","2016","11","10","10:00","9.8","","4.4","","69","","22","","30","","16.1","","100.38","","","","","","NA"
"2016-11-10 11:00","2016","11","10","11:00","11.9","","4.7","","61","","23","","32","","16.1","","100.23","","","","","","NA"
"2016-11-10 12:00","2016","11","10","12:00","13.0","","6.4","","64","","22","","34","","16.1","","100.10","","","","","","NA"
"2016-11-10 13:00","2016","11","10","13:00","14.1","","7.0","","62","","22","","30","","16.1","","99.95","","","","","","NA"
"2016-11-10 14:00","2016","11","10","14:00","14.6","","6.2","","57","","23","","35","","16.1","","99.79","","","","","","NA"
"2016-11-10 15:00","2016","11","10","15:00","14.8","","5.4","","53","","23","","37","","16.1","","99.70","","","","","","NA"
"2016-11-10 16:00","2016","11","10","16:00","13.1","","7.2","","67","","22","","41","","16.1","","99.64","","","","","","NA"
"2016-11-10 17:00","2016","11","10","17:00","12.3","","7.2","","71","","23","","39","","16.1","","99.59","","","","","","NA"
"2016-11-10 18:00","2016","11","10","18:00","11.9","","6.6","","70","","23","","30","","16.1","","99.62","","","","","","NA"
"2016-11-10 19:00","2016","11","10","19:00","11.8","","5.5","","65","","24","","17","","16.1","","99.59","","","","","","NA"
"2016-11-10 20:00","2016","11","10","20:00","12.3","","5.0","","61","","25","","35","","16.1","","99.49","","","","","","NA"
"2016-11-10 21:00","2016","11","10","21:00","12.2","","4.8","","60","","25","","34","","16.1","","99.43","","","","","","NA"
"2016-11-10 22:00","2016","11","10","22:00","12.3","","4.0","","57","","25","","34","","16.1","","99.39","","","","","","NA"
"2016-11-10 23:00","2016","11","10","23:00","12.1","","4.2","","58","","25","","26","","16.1","","99.38","","","","","","NA"
"2016-11-11 00:00","2016","11","11","00:00","11.9","","5.2","","63","","25","","32","","16.1","","99.33","","","","","","NA"
"2016-11-11 01:00","2016","11","11","01:00","11.6","","5.5","","66","","26","","22","","16.1","","99.40","","","","","","NA"
"2016-11-11 02:00","2016","11","11","02:00","11.9","","6.6","","70","","28","","15","","16.1","","99.50","","","","","","NA"
"2016-11-11 03:00","2016","11","11","03:00","11.6","","5.9","","68","","32","","22","","16.1","","99.66","","","","","","NA"
"2016-11-11 04:00","2016","11","11","04:00","10.9","","3.0","","58","","32","","26","","16.1","","99.80","","","","","","NA"
"2016-11-11 05:00","2016","11","11","05:00","9.9","","3.2","","63","","31","","21","","16.1","","99.98","","","","","","NA"
"2016-11-11 06:00","2016","11","11","06:00","8.7","","5.1","","78","","32","","21","","12.9","","100.15","","","","","","Rain"
"2016-11-11 07:00","2016","11","11","07:00","7.2","","0.2","","61","","32","","28","","16.1","","100.28","","","","","","NA"
"2016-11-11 08:00","2016","11","11","08:00","6.3","","-2.6","","53","","36","","17","","16.1","","100.48","","","","","","NA"
"2016-11-11 09:00","2016","11","11","09:00","6.4","","-2.3","","54","","35","","34","","16.1","","100.63","","","","","","NA"
"2016-11-11 10:00","2016","11","11","10:00","6.7","","-3.3","","49","","35","","21","","16.1","","100.76","","","","","","NA"
"2016-11-11 11:00","2016","11","11","11:00","6.4","","-4.9","","44","","1","","22","","16.1","","100.89","","","","","","NA"
"2016-11-11 12:00","2016","11","11","12:00","6.7","","-4.2","","46","","33","","26","","16.1","","100.95","","","","","","NA"
"2016-11-11 13:00","2016","11","11","13:00","6.6","","-4.7","","44","","31","","21","","16.1","","101.06","","","","","","NA"
"2016-11-11 14:00","2016","11","11","14:00","6.5","","-5.3","","43","","33","","21","","16.1","","101.13","","","","","","NA"
"2016-11-11 15:00","2016","11","11","15:00","5.7","","-6.6","","41","","34","","15","","16.1","","101.24","","","","","","NA"
"2016-11-11 16:00","2016","11","11","16:00","5.5","","-6.4","","42","","34","","21","","16.1","","101.36","","","","","","NA"
"2016-11-11 17:00","2016","11","11","17:00","4.8","","-6.4","","44","","32","","18","","16.1","","101.49","","","","","","NA"
"2016-11-11 18:00","2016","11","11","18:00","4.1","","-6.8","","45","","31","","15","","16.1","","101.59","","","","","","NA"
"2016-11-11 19:00","2016","11","11","19:00","4.1","","-6.5","","46","","32","","13","","16.1","","101.70","","","","","","NA"
"2016-11-11 20:00","2016","11","11","20:00","3.7","","-6.9","","46","","33","","9","","16.1","","101.78","","","","","","NA"
"2016-11-11 21:00","2016","11","11","21:00","3.3","","-7.0","","47","","30","","8","","16.1","","101.84","","","","","","NA"
"2016-11-11 22:00","2016","11","11","22:00","1.9","","-5.3","","59","","29","","9","","16.1","","101.87","","","","","","NA"
"2016-11-11 23:00","2016","11","11","23:00","1.9","","-5.5","","58","","28","","8","","16.1","","101.86","","","","","","NA"
"2016-11-12 00:00","2016","11","12","00:00","2.3","","-6.1","","54","","31","","8","","16.1","","101.85","","","","","","NA"
"2016-11-12 01:00","2016","11","12","01:00","2.1","","-6.3","","54","","31","","9","","16.1","","101.89","","","","","","NA"
"2016-11-12 02:00","2016","11","12","02:00","1.5","","-5.9","","58","","30","","9","","16.1","","101.92","","","","","","NA"
"2016-11-12 03:00","2016","11","12","03:00","1.3","","-6.1","","58","","29","","5","","16.1","","101.90","","","","","","NA"
"2016-11-12 04:00","2016","11","12","04:00","1.2","","-6.0","","59","","28","","8","","16.1","","101.90","","","","","","NA"
"2016-11-12 05:00","2016","11","12","05:00","1.6","","-5.8","","58","","30","","8","","16.1","","101.90","","","","","","NA"
"2016-11-12 06:00","2016","11","12","06:00","0.6","","-5.2","","65","","29","","8","","16.1","","101.90","","","","","","NA"
"2016-11-12 07:00","2016","11","12","07:00","0.6","","-3.2","","76","","27","","13","","16.1","","101.92","","","","","","NA"
"2016-11-12 08:00","2016","11","12","08:00","1.1","","-2.8","","75","","27","","11","","16.1","","101.97","","","","","","NA"
"2016-11-12 09:00","2016","11","12","09:00","2.8","","-3.3","","64","","28","","9","","16.1","","101.98","","","","","","NA"
"2016-11-12 10:00","2016","11","12","10:00","4.7","","-2.3","","60","","25","","18","","16.1","","101.94","","","","","","NA"
"2016-11-12 11:00","2016","11","12","11:00","6.2","","-1.5","","58","","24","","22","","16.1","","101.88","","","","","","NA"
"2016-11-12 12:00","2016","11","12","12:00","8.1","","0.2","","57","","24","","17","","16.1","","101.74","","","","","","NA"
"2016-11-12 13:00","2016","11","12","13:00","9.7","","0.3","","52","","25","","24","","16.1","","101.58","","","","","","NA"
"2016-11-12 14:00","2016","11","12","14:00","9.8","","2.4","","60","","23","","21","","16.1","","101.47","","","","","","NA"
"2016-11-12 15:00","2016","11","12","15:00","9.8","","1.8","","57","","23","","24","","16.1","","101.39","","","","","","NA"
"2016-11-12 16:00","2016","11","12","16:00","9.2","","1.4","","58","","24","","26","","16.1","","101.34","","","","","","NA"
"2016-11-12 17:00","2016","11","12","17:00","8.5","","-1.0","","51","","24","","28","","16.1","","101.28","","","","","","NA"
"2016-11-12 18:00","2016","11","12","18:00","7.8","","-1.1","","53","","24","","30","","16.1","","101.27","","","","","","NA"
"2016-11-12 19:00","2016","11","12","19:00","7.4","","-0.1","","59","","24","","32","","16.1","","101.22","","","","","","NA"
"2016-11-12 20:00","2016","11","12","20:00","6.9","","-0.8","","58","","24","","32","","16.1","","101.19","","","","","","NA"
"2016-11-12 21:00","2016","11","12","21:00","7.0","","-0.7","","58","","24","","30","","16.1","","101.16","","","","","","NA"
"2016-11-12 22:00","2016","11","12","22:00","7.0","","-0.5","","59","","24","","28","","16.1","","101.10","","","","","","NA"
"2016-11-12 23:00","2016","11","12","23:00","6.5","","0.0","","63","","24","","34","","16.1","","101.05","","","","","","NA"
"2016-11-13 00:00","2016","11","13","00:00","6.1","","0.5","","67","","24","","30","","16.1","","101.00","","","","","","NA"
"2016-11-13 01:00","2016","11","13","01:00","6.5","","-0.9","","59","","26","","26","","16.1","","100.97","","","","","","NA"
"2016-11-13 02:00","2016","11","13","02:00","5.6","","-0.7","","64","","26","","21","","16.1","","101.01","","","","","","NA"
"2016-11-13 03:00","2016","11","13","03:00","5.7","","-0.4","","65","","24","","17","","16.1","","101.03","","","","","","NA"
"2016-11-13 04:00","2016","11","13","04:00","5.3","","0.0","","69","","25","","17","","16.1","","101.00","","","","","","NA"
"2016-11-13 05:00","2016","11","13","05:00","4.8","","0.4","","73","","24","","26","","16.1","","101.01","","","","","","NA"
"2016-11-13 06:00","2016","11","13","06:00","3.9","","0.1","","76","","24","","24","","16.1","","101.00","","","","","","NA"
"2016-11-13 07:00","2016","11","13","07:00","3.8","","0.1","","77","","24","","26","","16.1","","101.01","","","","","","NA"
"2016-11-13 08:00","2016","11","13","08:00","3.7","","0.1","","77","","24","","21","","16.1","","101.01","","","","","","NA"
"2016-11-13 09:00","2016","11","13","09:00","4.8","","0.6","","74","","22","","15","","16.1","","101.02","","","","","","NA"
"2016-11-13 10:00","2016","11","13","10:00","6.3","","1.7","","72","","23","","13","","16.1","","100.98","","","","","","NA"
"2016-11-13 11:00","2016","11","13","11:00","8.8","","3.8","","71","","23","","22","","16.1","","100.91","","","","","","NA"
"2016-11-13 12:00","2016","11","13","12:00","9.8","","4.2","","68","","22","","24","","16.1","","100.81","","","","","","NA"
"2016-11-13 13:00","2016","11","13","13:00","10.2","","4.4","","67","","23","","24","","16.1","","100.70","","","","","","NA"
"2016-11-13 14:00","2016","11","13","14:00","10.4","","4.2","","65","","23","","26","","16.1","","100.61","","","","","","NA"
"2016-11-13 15:00","2016","11","13","15:00","10.3","","4.1","","65","","22","","26","","16.1","","100.58","","","","","","NA"
"2016-11-13 16:00","2016","11","13","16:00","9.4","","3.8","","68","","23","","24","","16.1","","100.56","","","","","","NA"
"2016-11-13 17:00","2016","11","13","17:00","8.9","","2.9","","66","","25","","22","","16.1","","100.52","","","","","","NA"
"2016-11-13 18:00","2016","11","13","18:00","8.6","","4.6","","76","","23","","26","","16.1","","100.52","","","","","","NA"
"2016-11-13 19:00","2016","11","13","19:00","8.3","","4.4","","76","","23","","28","","16.1","","100.53","","","","","","NA"
"2016-11-13 20:00","2016","11","13","20:00","8.2","","3.7","","73","","24","","30","","16.1","","100.52","","","","","","NA"
"2016-11-13 21:00","2016","11","13","21:00","8.1","","2.6","","68","","24","","24","","16.1","","100.51","","","","","","NA"
"2016-11-13 22:00","2016","11","13","22:00","8.3","","2.1","","65","","25","","28","","16.1","","100.47","","","","","","NA"
"2016-11-13 23:00","2016","11","13","23:00","8.2","","2.3","","66","","25","","34","","16.1","","100.45","","","","","","NA"
"2016-11-14 00:00","2016","11","14","00:00","8.2","","1.6","","63","","25","","30","","16.1","","100.49","","","","","","NA"
"2016-11-14 01:00","2016","11","14","01:00","7.4","","2.1","","69","","25","","22","","16.1","","100.49","","","","","","NA"
"2016-11-14 02:00","2016","11","14","02:00","7.4","","0.8","","63","","25","","24","","16.1","","100.51","","","","","","NA"
"2016-11-14 03:00","2016","11","14","03:00","6.8","","0.9","","66","","25","","21","","16.1","","100.49","","","","","","NA"
"2016-11-14 04:00","2016","11","14","04:00","6.4","","1.0","","68","","24","","17","","16.1","","100.50","","","","","","NA"
"2016-11-14 05:00","2016","11","14","05:00","6.0","","1.3","","72","","24","","21","","16.1","","100.52","","","","","","NA"
"2016-11-14 06:00","2016","11","14","06:00","5.8","","-0.3","","65","","25","","21","","16.1","","100.49","","","","","","NA"
"2016-11-14 07:00","2016","11","14","07:00","5.5","","0.4","","70","","24","","18","","16.1","","100.52","","","","","","NA"
"2016-11-14 08:00","2016","11","14","08:00","5.6","","0.0","","67","","24","","18","","16.1","","100.54","","","","","","NA"
"2016-11-14 09:00","2016","11","14","09:00","6.6","","0.7","","66","","24","","17","","16.1","","100.56","","","","","","NA"
"2016-11-14 10:00","2016","11","14","10:00","7.7","","1.9","","67","","22","","13","","16.1","","100.56","","","","","","NA"
"2016-11-14 11:00","2016","11","14","11:00","8.4","","2.0","","64","","20","","13","","16.1","","100.54","","","","","","NA"
"2016-11-14 12:00","2016","11","14","12:00","9.1","","3.9","","70","","20","","15","","16.1","","100.49","","","","","","NA"
"2016-11-14 13:00","2016","11","14","13:00","10.4","","3.5","","62","","20","","13","","16.1","","100.44","","","","","","NA"
"2016-11-14 14:00","2016","11","14","14:00","11.9","","2.4","","52","","23","","11","","16.1","","100.41","","","","","","NA"
"2016-11-14 15:00","2016","11","14","15:00","12.1","","3.3","","55","","17","","13","","16.1","","100.39","","","","","","NA"
"2016-11-14 16:00","2016","11","14","16:00","10.8","","4.7","","66","","18","","13","","16.1","","100.39","","","","","","NA"
"2016-11-14 17:00","2016","11","14","17:00","9.6","","7.4","","86","","19","","13","","16.1","","100.41","","","","","","NA"
"2016-11-14 18:00","2016","11","14","18:00","8.7","","6.5","","86","","21","","21","","16.1","","100.48","","","","","","NA"
"2016-11-14 19:00","2016","11","14","19:00","8.1","","6.2","","88","","23","","11","","16.1","","100.50","","","","","","NA"
"2016-11-14 20:00","2016","11","14","20:00","7.5","","6.1","","91","","27","","8","","16.1","","100.48","","","","","","NA"
"2016-11-14 21:00","2016","11","14","21:00","7.2","","6.3","","94","","26","","5","","11.3","","100.45","","","","","","NA"
"2016-11-14 22:00","2016","11","14","22:00","7.5","","5.1","","85","","27","","8","","16.1","","100.45","","","","","","NA"
"2016-11-14 23:00","2016","11","14","23:00","6.2","","5.0","","92","","29","","5","","16.1","","100.44","","","","","","NA"
"2016-11-15 00:00","2016","11","15","00:00","6.1","","4.8","","91","","22","","15","","16.1","","100.48","","","","","","NA"
"2016-11-15 01:00","2016","11","15","01:00","7.3","","4.8","","84","","","M","","M","","M","100.48","","","","","","NA"
"2016-11-15 02:00","2016","11","15","02:00","5.5","","4.2","","91","","","","0","","16.1","","100.47","","","","","","NA"
"2016-11-15 03:00","2016","11","15","03:00","4.7","","4.1","","96","","18","","4","","12.9","","100.46","","","","","","NA"
"2016-11-15 04:00","2016","11","15","04:00","4.2","","3.8","","97","","","","0","","11.3","","100.43","","","","","","NA"
"2016-11-15 05:00","2016","11","15","05:00","4.6","","4.5","","99","","30","","4","","4.8","","100.43","","","","","","Fog"
"2016-11-15 06:00","2016","11","15","06:00","3.9","","3.4","","96","","","M","4","","9.7","","100.43","","","","","","Fog"
"2016-11-15 07:00","2016","11","15","07:00","3.6","","2.8","","94","","","","0","","12.9","","100.48","","","","","","NA"
"2016-11-15 08:00","2016","11","15","08:00","4.4","","4.0","","97","","7","","8","","8.1","","100.52","","","","","","Fog"
"2016-11-15 09:00","2016","11","15","09:00","6.6","","4.4","","86","","9","","5","","12.9","","100.52","","","","","","NA"
"2016-11-15 10:00","2016","11","15","10:00","7.5","","5.5","","87","","7","","11","","9.7","","100.52","","","","","","Fog"
"2016-11-15 11:00","2016","11","15","11:00","9.1","","6.9","","86","","7","","9","","11.3","","100.47","","","","","","NA"
"2016-11-15 12:00","2016","11","15","12:00","10.1","","7.3","","83","","8","","8","","12.9","","100.36","","","","","","NA"
"2016-11-15 13:00","2016","11","15","13:00","10.7","","7.1","","78","","","M","8","","16.1","","100.29","","","","","","NA"
"2016-11-15 14:00","2016","11","15","14:00","10.6","","7.2","","79","","7","","9","","16.1","","100.24","","","","","","NA"
"2016-11-15 15:00","2016","11","15","15:00","9.2","","6.8","","85","","7","","11","","16.1","","100.21","","","","","","NA"
"2016-11-15 16:00","2016","11","15","16:00","9.1","","7.7","","91","","7","","15","","14.5","","100.22","","","","","","NA"
"2016-11-15 17:00","2016","11","15","17:00","8.8","","7.3","","90","","7","","13","","16.1","","100.23","","","","","","NA"
"2016-11-15 18:00","2016","11","15","18:00","8.8","","7.1","","89","","7","","13","","16.1","","100.24","","","","","","NA"
"2016-11-15 19:00","2016","11","15","19:00","7.8","","7.0","","94","","7","","11","","8.1","","100.21","","","","","","Fog"
"2016-11-15 20:00","2016","11","15","20:00","7.9","","7.3","","96","","7","","11","","6.4","","100.18","","","","","","Fog"
"2016-11-15 21:00","2016","11","15","21:00","7.8","","7.1","","95","","7","","9","","6.4","","100.20","","","","","","Fog"
"2016-11-15 22:00","2016","11","15","22:00","8.1","","7.4","","95","","7","","15","","6.4","","100.12","","","","","","Fog"
"2016-11-15 23:00","2016","11","15","23:00","8.1","","6.7","","91","","8","","13","","8.1","","100.06","","","","","","Fog"
"2016-11-16 00:00","2016","11","16","00:00","7.7","","6.5","","92","","7","","13","","9.7","","100.01","","","","","","Fog"
"2016-11-16 01:00","2016","11","16","01:00","7.2","","6.5","","95","","8","","9","","6.4","","99.98","","","","","","Fog"
"2016-11-16 02:00","2016","11","16","02:00","7.2","","6.3","","94","","7","","9","","6.4","","99.98","","","","","","Fog"
"2016-11-16 03:00","2016","11","16","03:00","7.1","","6.4","","95","","31","","9","","6.4","","99.97","","","","","","Fog"
"2016-11-16 04:00","2016","11","16","04:00","7.4","","6.5","","94","","7","","5","","6.4","","99.92","","","","","","Fog"
"2016-11-16 05:00","2016","11","16","05:00","6.9","","6.2","","95","","17","","4","","4.0","","99.94","","","","","","Fog"
"2016-11-16 06:00","2016","11","16","06:00","7.1","","6.4","","95","","","","0","","4.8","","99.94","","","","","","Fog"
"2016-11-16 07:00","2016","11","16","07:00","7.4","","6.7","","95","","","M","4","","6.4","","99.94","","","","","","Rain,Fog"
"2016-11-16 08:00","2016","11","16","08:00","7.5","","6.6","","94","","24","","5","","6.4","","99.96","","","","","","Fog"
"2016-11-16 09:00","2016","11","16","09:00","8.1","","6.7","","91","","25","","8","","6.4","","99.97","","","","","","Rain,Fog"
"2016-11-16 10:00","2016","11","16","10:00","8.3","","6.9","","91","","25","","8","","6.4","","99.96","","","","","","Rain,Fog"
"2016-11-16 11:00","2016","11","16","11:00","10.2","","7.5","","83","","31","","8","","6.4","","99.95","","","","","","Fog"
"2016-11-16 12:00","2016","11","16","12:00","11.2","","8.1","","81","","30","","17","","11.3","","99.95","","","","","","NA"
"2016-11-16 13:00","2016","11","16","13:00","13.0","","7.0","","67","","29","","22","","16.1","","99.94","","","","","","NA"
"2016-11-16 14:00","2016","11","16","14:00","12.6","","5.8","","63","","30","","22","","16.1","","99.96","","","","","","NA"
"2016-11-16 15:00","2016","11","16","15:00","12.7","","4.7","","58","","31","","18","","16.1","","100.05","","","","","","NA"
"2016-11-16 16:00","2016","11","16","16:00","12.3","","4.8","","60","","29","","22","","16.1","","100.17","","","","","","NA"
"2016-11-16 17:00","2016","11","16","17:00","11.8","","4.5","","61","","28","","18","","16.1","","100.27","","","","","","NA"
"2016-11-16 18:00","2016","11","16","18:00","11.7","","4.2","","60","","30","","15","","16.1","","100.33","","","","","","NA"
"2016-11-16 19:00","2016","11","16","19:00","10.6","","4.1","","64","","27","","11","","16.1","","100.40","","","","","","NA"
"2016-11-16 20:00","2016","11","16","20:00","10.3","","4.5","","67","","29","","15","","16.1","","100.45","","","","","","NA"
"2016-11-16 21:00","2016","11","16","21:00","8.9","","4.2","","72","","28","","13","","16.1","","100.51","","","","","","NA"
"2016-11-16 22:00","2016","11","16","22:00","8.5","","4.2","","74","","28","","11","","16.1","","100.57","","","","","","NA"
"2016-11-16 23:00","2016","11","16","23:00","8.1","","4.6","","78","","31","","9","","16.1","","100.59","","","","","","NA"
"2016-11-17 00:00","2016","11","17","00:00","7.5","","4.5","","81","","30","","9","","16.1","","100.65","","","","","","NA"
"2016-11-17 01:00","2016","11","17","01:00","7.3","","4.3","","81","","32","","9","","16.1","","100.69","","","","","","NA"
"2016-11-17 02:00","2016","11","17","02:00","7.2","","4.2","","81","","32","","11","","16.1","","100.75","","","","","","NA"
"2016-11-17 03:00","2016","11","17","03:00","6.6","","3.9","","83","","33","","11","","16.1","","100.82","","","","","","NA"
"2016-11-17 04:00","2016","11","17","04:00","6.3","","3.8","","84","","34","","11","","16.1","","100.83","","","","","","NA"
"2016-11-17 05:00","2016","11","17","05:00","6.6","","3.7","","82","","33","","8","","16.1","","100.87","","","","","","NA"
"2016-11-17 06:00","2016","11","17","06:00","6.3","","3.6","","83","","33","","13","","16.1","","100.93","","","","","","NA"
"2016-11-17 07:00","2016","11","17","07:00","4.3","","3.1","","92","","","M","4","","16.1","","100.97","","","","","","NA"
"2016-11-17 08:00","2016","11","17","08:00","4.4","","3.2","","92","","26","","9","","16.1","","101.07","","","","","","NA"
"2016-11-17 09:00","2016","11","17","09:00","6.4","","3.9","","84","","26","","5","","16.1","","101.08","","","","","","NA"
"2016-11-17 10:00","2016","11","17","10:00","7.6","","4.4","","80","","20","","8","","16.1","","101.09","","","","","","NA"
"2016-11-17 11:00","2016","11","17","11:00","7.7","","4.4","","79","","21","","8","","16.1","","101.10","","","","","","NA"
"2016-11-17 12:00","2016","11","17","12:00","8.5","","4.3","","75","","19","","8","","16.1","","101.07","","","","","","NA"
"2016-11-17 13:00","2016","11","17","13:00","9.2","","6.1","","81","","17","","8","","16.1","","100.98","","","","","","NA"
"2016-11-17 14:00","2016","11","17","14:00","10.3","","6.3","","76","","13","","5","","16.1","","100.92","","","","","","NA"
"2016-11-17 15:00","2016","11","17","15:00","10.3","","6.5","","77","","11","","8","","16.1","","100.89","","","","","","NA"
"2016-11-17 16:00","2016","11","17","16:00","9.3","","6.9","","85","","7","","11","","16.1","","100.92","","","","","","NA"
"2016-11-17 17:00","2016","11","17","17:00","8.0","","6.8","","92","","8","","13","","16.1","","100.91","","","","","","NA"
"2016-11-17 18:00","2016","11","17","18:00","8.0","","6.8","","92","","7","","13","","16.1","","100.90","","","","","","NA"
"2016-11-17 19:00","2016","11","17","19:00","8.2","","7.1","","93","","6","","11","","16.1","","100.91","","","","","","NA"
"2016-11-17 20:00","2016","11","17","20:00","8.2","","6.8","","91","","9","","8","","16.1","","100.86","","","","","","NA"
"2016-11-17 21:00","2016","11","17","21:00","8.9","","6.0","","82","","7","","13","","16.1","","100.87","","","","","","NA"
"2016-11-17 22:00","2016","11","17","22:00","9.3","","7.4","","88","","7","","11","","16.1","","100.88","","","","","","NA"
"2016-11-17 23:00","2016","11","17","23:00","8.4","","7.2","","92","","8","","13","","16.1","","100.87","","","","","","NA"
"2016-11-18 00:00","2016","11","18","00:00","8.3","","7.2","","93","","8","","15","","16.1","","100.86","","","","","","NA"
"2016-11-18 01:00","2016","11","18","01:00","8.2","","7.0","","92","","6","","11","","16.1","","100.87","","","","","","NA"
"2016-11-18 02:00","2016","11","18","02:00","7.9","","6.4","","90","","7","","9","","16.1","","100.88","","","","","","NA"
"2016-11-18 03:00","2016","11","18","03:00","8.4","","6.9","","90","","8","","11","","16.1","","100.88","","","","","","NA"
"2016-11-18 04:00","2016","11","18","04:00","8.0","","6.6","","91","","7","","11","","16.1","","100.87","","","","","","NA"
"2016-11-18 05:00","2016","11","18","05:00","7.8","","6.4","","91","","7","","13","","16.1","","100.85","","","","","","NA"
"2016-11-18 06:00","2016","11","18","06:00","7.8","","6.3","","90","","8","","13","","16.1","","100.83","","","","","","NA"
"2016-11-18 07:00","2016","11","18","07:00","7.8","","6.3","","90","","8","","15","","16.1","","100.82","","","","","","NA"
"2016-11-18 08:00","2016","11","18","08:00","8.2","","6.7","","90","","8","","13","","16.1","","100.83","","","","","","NA"
"2016-11-18 09:00","2016","11","18","09:00","9.1","","7.1","","87","","7","","15","","12.9","","100.81","","","","","","NA"
"2016-11-18 10:00","2016","11","18","10:00","10.7","","8.0","","83","","8","","17","","16.1","","100.80","","","","","","NA"
"2016-11-18 11:00","2016","11","18","11:00","11.4","","8.5","","82","","8","","15","","16.1","","100.79","","","","","","NA"
"2016-11-18 12:00","2016","11","18","12:00","11.6","","8.3","","80","","9","","13","","16.1","","100.70","","","","","","NA"
"2016-11-18 13:00","2016","11","18","13:00","11.7","","7.8","","77","","9","","13","","16.1","","100.65","","","","","","NA"
"2016-11-18 14:00","2016","11","18","14:00","10.8","","7.7","","81","","9","","15","","16.1","","100.58","","","","","","NA"
"2016-11-18 15:00","2016","11","18","15:00","11.4","","8.2","","81","","8","","18","","16.1","","100.51","","","","","","NA"
"2016-11-18 16:00","2016","11","18","16:00","11.3","","8.5","","83","","7","","24","","16.1","","100.47","","","","","","NA"
"2016-11-18 17:00","2016","11","18","17:00","11.3","","8.9","","85","","7","","21","","16.1","","100.43","","","","","","NA"
"2016-11-18 18:00","2016","11","18","18:00","11.7","","8.4","","80","","8","","17","","16.1","","100.38","","","","","","NA"
"2016-11-18 19:00","2016","11","18","19:00","11.9","","8.1","","77","","10","","11","","16.1","","100.38","","","","","","NA"
"2016-11-18 20:00","2016","11","18","20:00","11.5","","8.2","","80","","8","","15","","16.1","","100.31","","","","","","NA"
"2016-11-18 21:00","2016","11","18","21:00","10.7","","8.0","","83","","8","","11","","16.1","","100.28","","","","","","NA"
"2016-11-18 22:00","2016","11","18","22:00","10.3","","7.5","","83","","8","","8","","16.1","","100.29","","","","","","NA"
"2016-11-18 23:00","2016","11","18","23:00","8.2","","7.1","","93","","6","","8","","9.7","","100.25","","","","","","Fog"
"2016-11-19 00:00","2016","11","19","00:00","9.2","","8.1","","93","","8","","4","","12.9","","100.11","","","","","","NA"
"2016-11-19 01:00","2016","11","19","01:00","12.0","","8.1","","77","","","","0","","16.1","","100.05","","","","","","NA"
"2016-11-19 02:00","2016","11","19","02:00","9.5","","7.1","","85","","8","","8","","16.1","","100.04","","","","","","NA"
"2016-11-19 03:00","2016","11","19","03:00","7.8","","6.3","","90","","7","","5","","16.1","","99.98","","","","","","NA"
"2016-11-19 04:00","2016","11","19","04:00","8.4","","7.1","","92","","7","","11","","16.1","","99.90","","","","","","NA"
"2016-11-19 05:00","2016","11","19","05:00","10.4","","7.6","","83","","8","","9","","16.1","","99.78","","","","","","NA"
"2016-11-19 06:00","2016","11","19","06:00","10.3","","7.1","","81","","","M","4","","16.1","","99.71","","","","","","NA"
"2016-11-19 07:00","2016","11","19","07:00","9.7","","6.8","","82","","8","","5","","16.1","","99.66","","","","","","NA"
"2016-11-19 08:00","2016","11","19","08:00","11.8","","8.1","","78","","19","","8","","16.1","","99.61","","","","","","NA"
"2016-11-19 09:00","2016","11","19","09:00","10.6","","7.9","","83","","25","","18","","16.1","","99.71","","","","","","NA"
"2016-11-19 10:00","2016","11","19","10:00","10.5","","6.5","","76","","24","","28","","16.1","","99.78","","","","","","NA"
"2016-11-19 11:00","2016","11","19","11:00","9.3","","5.9","","79","","24","","24","","16.1","","99.73","","","","","","NA"
"2016-11-19 12:00","2016","11","19","12:00","7.2","","6.1","","93","","22","","37","","8.1","","99.76","","","","","","Rain,Fog"
"2016-11-19 13:00","2016","11","19","13:00","5.9","","3.8","","86","","25","","34","","16.1","","99.83","","","","","","Rain"
"2016-11-19 14:00","2016","11","19","14:00","4.4","","2.5","","88","","25","","39","","16.1","","99.87","","","","","","Rain"
"2016-11-19 15:00","2016","11","19","15:00","4.7","","2.8","","87","","24","","28","","16.1","","99.88","","","","","","NA"
"2016-11-19 16:00","2016","11","19","16:00","5.1","","2.6","","84","","25","","22","","16.1","","99.83","","","","","","NA"
"2016-11-19 17:00","2016","11","19","17:00","5.7","","1.8","","76","","25","","34","","16.1","","99.88","","","","","","NA"
"2016-11-19 18:00","2016","11","19","18:00","5.5","","1.5","","75","","26","","34","","16.1","","99.84","","","","","","NA"
"2016-11-19 19:00","2016","11","19","19:00","4.6","","1.5","","80","","26","","24","","16.1","","99.88","","","","","","NA"
"2016-11-19 20:00","2016","11","19","20:00","4.0","","0.8","","79","","28","","34","","16.1","","99.86","","","","","","Rain"
"2016-11-19 21:00","2016","11","19","21:00","3.7","","-1.3","","70","","29","","28","","16.1","","99.88","","","","","","NA"
"2016-11-19 22:00","2016","11","19","22:00","3.3","","-2.2","","67","","27","","26","","16.1","","99.87","","","","","","NA"
"2016-11-19 23:00","2016","11","19","23:00","2.4","","-3.5","","65","","28","","28","","16.1","","99.86","","","","","","NA"
"2016-11-20 00:00","2016","11","20","00:00","1.6","","-2.9","","72","","27","","32","","16.1","","99.81","","","","","","NA"
"2016-11-20 01:00","2016","11","20","01:00","1.3","","-2.5","","76","","25","","22","","16.1","","99.71","","","","","","NA"
"2016-11-20 02:00","2016","11","20","02:00","1.0","","-1.0","","87","","25","","22","","8.1","","99.62","","","","","","Snow"
"2016-11-20 03:00","2016","11","20","03:00","0.7","","-1.0","","88","","26","","13","","16.1","","99.58","","","","","","NA"
"2016-11-20 04:00","2016","11","20","04:00","1.6","","-0.3","","87","","29","","17","","16.1","","99.56","","","","","","Rain"
"2016-11-20 05:00","2016","11","20","05:00","2.4","","-1.0","","78","","30","","39","","16.1","","99.60","","","","","","NA"
"2016-11-20 06:00","2016","11","20","06:00","2.0","","-2.7","","71","","30","","35","","16.1","","99.62","","","","","","NA"
"2016-11-20 07:00","2016","11","20","07:00","1.1","","-3.8","","70","","31","","41","","16.1","","99.68","","","","","","NA"
"2016-11-20 08:00","2016","11","20","08:00","0.8","","-3.5","","73","","30","","32","","16.1","","99.76","","","","","","Snow"
"2016-11-20 09:00","2016","11","20","09:00","0.8","","-4.1","","70","","32","","28","","16.1","","99.79","","","","","","NA"
"2016-11-20 10:00","2016","11","20","10:00","0.7","","-4.4","","69","","31","","26","","16.1","","99.88","","","","","","NA"
"2016-11-20 11:00","2016","11","20","11:00","0.8","","-3.3","","74","","31","","26","","16.1","","99.90","","","","","","Snow"
"2016-11-20 12:00","2016","11","20","12:00","1.4","","-3.0","","72","","31","","39","","9.7","","99.86","","","","","","Snow"
"2016-11-20 13:00","2016","11","20","13:00","1.5","","-3.0","","72","","30","","39","","16.1","","99.86","","","","","","NA"
"2016-11-20 14:00","2016","11","20","14:00","1.3","","-2.8","","74","","30","","32","","16.1","","99.89","","","","","","Snow"
"2016-11-20 15:00","2016","11","20","15:00","0.5","","-3.2","","77","","29","","32","","16.1","","99.96","","","","","","Rain"
"2016-11-20 16:00","2016","11","20","16:00","0.4","","-4.3","","71","","29","","37","","16.1","","100.01","","","","","","Snow"
"2016-11-20 17:00","2016","11","20","17:00","0.2","","-5.0","","68","","30","","37","","16.1","","100.07","","","","","","Snow"
"2016-11-20 18:00","2016","11","20","18:00","0.0","","-5.4","","67","","29","","35","","16.1","","100.10","","","","-7","","Snow"
"2016-11-20 19:00","2016","11","20","19:00","-0.5","","-5.2","","71","","30","","41","","16.1","","100.12","","","","-8","","Snow"
"2016-11-20 20:00","2016","11","20","20:00","-1.0","","-4.4","","78","","29","","37","","8.1","","100.12","","","","-8","","Snow"
"2016-11-20 21:00","2016","11","20","21:00","-1.3","","-4.5","","79","","28","","35","","11.3","","100.13","","","","-9","","Snow"
"2016-11-20 22:00","2016","11","20","22:00","-1.4","","-5.5","","74","","29","","34","","16.1","","100.15","","","","-9","","Snow"
"2016-11-20 23:00","2016","11","20","23:00","-1.8","","-5.8","","74","","28","","35","","9.7","","100.12","","","","-9","","Snow"
"2016-11-21 00:00","2016","11","21","00:00","-2.1","","-6.3","","73","","28","","43","","16.1","","100.12","","","","-10","","Snow"
"2016-11-21 01:00","2016","11","21","01:00","-1.9","","-6.9","","69","","29","","32","","16.1","","100.10","","","","-9","","Snow"
"2016-11-21 02:00","2016","11","21","02:00","-1.9","","-7.0","","68","","29","","39","","16.1","","100.10","","","","-10","","Snow"
"2016-11-21 03:00","2016","11","21","03:00","-1.7","","-6.9","","68","","29","","39","","16.1","","100.14","","","","-10","","Snow"
"2016-11-21 04:00","2016","11","21","04:00","-1.7","","-6.9","","68","","29","","30","","16.1","","100.15","","","","-9","","Snow"
"2016-11-21 05:00","2016","11","21","05:00","-2.0","","-6.8","","70","","29","","41","","16.1","","100.17","","","","-10","","Snow"
"2016-11-21 06:00","2016","11","21","06:00","-1.9","","-6.9","","69","","29","","37","","16.1","","100.20","","","","-10","","Snow"
"2016-11-21 07:00","2016","11","21","07:00","-1.6","","-7.3","","65","","29","","35","","16.1","","100.27","","","","-9","","Snow"
"2016-11-21 08:00","2016","11","21","08:00","-1.3","","-7.5","","63","","29","","32","","16.1","","100.31","","","","-8","","Snow"
"2016-11-21 09:00","2016","11","21","09:00","-1.1","","-8.2","","59","","29","","39","","16.1","","100.30","","","","-9","","NA"
"2016-11-21 10:00","2016","11","21","10:00","-0.5","","-7.9","","58","","29","","41","","16.1","","100.32","","","","-8","","NA"
"2016-11-21 11:00","2016","11","21","11:00","0.6","","-7.7","","54","","29","","35","","16.1","","100.32","","","","","","NA"
"2016-11-21 12:00","2016","11","21","12:00","1.1","","-8.0","","51","","29","","37","","16.1","","100.31","","","","","","NA"
"2016-11-21 13:00","2016","11","21","13:00","1.8","","-8.6","","46","","31","","41","","16.1","","100.28","","","","","","NA"
"2016-11-21 14:00","2016","11","21","14:00","1.7","","-8.5","","47","","30","","43","","16.1","","100.31","","","","","","NA"
"2016-11-21 15:00","2016","11","21","15:00","1.4","","-8.3","","49","","29","","34","","16.1","","100.38","","","","","","NA"
"2016-11-21 16:00","2016","11","21","16:00","1.2","","-7.6","","52","","28","","41","","16.1","","100.44","","","","","","NA"
"2016-11-21 17:00","2016","11","21","17:00","1.0","","-7.5","","53","","29","","35","","16.1","","100.48","","","","","","NA"
"2016-11-21 18:00","2016","11","21","18:00","1.0","","-7.3","","54","","29","","37","","16.1","","100.53","","","","","","NA"
"2016-11-21 19:00","2016","11","21","19:00","1.1","","-7.5","","53","","30","","32","","16.1","","100.59","","","","","","NA"
"2016-11-21 20:00","2016","11","21","20:00","1.2","","-7.4","","53","","29","","28","","16.1","","100.63","","","","","","NA"
"2016-11-21 21:00","2016","11","21","21:00","1.3","","-7.0","","54","","30","","34","","16.1","","100.68","","","","","","Rain,Snow"
"2016-11-21 22:00","2016","11","21","22:00","1.1","","-7.2","","54","","30","","34","","16.1","","100.73","","","","","","NA"
"2016-11-21 23:00","2016","11","21","23:00","0.8","","-6.6","","58","","31","","32","","16.1","","100.82","","","","","","NA"
"2016-11-22 00:00","2016","11","22","00:00","0.3","","-6.3","","61","","31","","26","","16.1","","100.85","","","","","","Rain,Snow"
"2016-11-22 01:00","2016","11","22","01:00","0.0","","-5.9","","65","","29","","22","","16.1","","100.88","","","","-6","","NA"
"2016-11-22 02:00","2016","11","22","02:00","-0.4","","-5.6","","68","","30","","26","","16.1","","100.96","","","","-7","","Snow"
"2016-11-22 03:00","2016","11","22","03:00","-0.4","","-5.4","","69","","31","","32","","16.1","","101.02","","","","-7","","NA"
"2016-11-22 04:00","2016","11","22","04:00","-0.5","","-5.3","","70","","29","","26","","16.1","","101.06","","","","-7","","NA"
"2016-11-22 05:00","2016","11","22","05:00","-0.4","","-5.4","","69","","28","","21","","16.1","","101.14","","","","-6","","NA"
"2016-11-22 06:00","2016","11","22","06:00","-0.6","","-4.7","","74","","30","","26","","16.1","","101.17","","","","-7","","Snow"
"2016-11-22 07:00","2016","11","22","07:00","-0.4","","-4.7","","73","","30","","21","","16.1","","101.25","","","","-6","","Snow"
"2016-11-22 08:00","2016","11","22","08:00","-0.3","","-4.6","","73","","29","","17","","16.1","","101.35","","","","-5","","NA"
"2016-11-22 09:00","2016","11","22","09:00","0.3","","-4.5","","71","","28","","17","","16.1","","101.44","","","","","","NA"
"2016-11-22 10:00","2016","11","22","10:00","1.1","","-4.7","","65","","29","","24","","16.1","","101.49","","","","","","NA"
"2016-11-22 11:00","2016","11","22","11:00","1.4","","-4.7","","64","","29","","18","","16.1","","101.54","","","","","","NA"
"2016-11-22 12:00","2016","11","22","12:00","2.1","","-5.1","","59","","31","","21","","16.1","","101.50","","","","","","NA"
"2016-11-22 13:00","2016","11","22","13:00","2.8","","-4.9","","57","","28","","26","","16.1","","101.51","","","","","","NA"
"2016-11-22 14:00","2016","11","22","14:00","3.2","","-5.2","","54","","29","","18","","16.1","","101.52","","","","","","NA"
"2016-11-22 15:00","2016","11","22","15:00","2.9","","-6.3","","51","","30","","24","","16.1","","101.54","","","","","","NA"
"2016-11-22 16:00","2016","11","22","16:00","2.6","","-6.0","","53","","33","","17","","16.1","","101.59","","","","","","NA"
"2016-11-22 17:00","2016","11","22","17:00","1.7","","-6.3","","56","","31","","17","","16.1","","101.63","","","","","","NA"
"2016-11-22 18:00","2016","11","22","18:00","0.8","","-5.7","","62","","32","","9","","16.1","","101.72","","","","","","NA"
"2016-11-22 19:00","2016","11","22","19:00","0.5","","-5.5","","64","","32","","9","","16.1","","101.76","","","","","","NA"
"2016-11-22 20:00","2016","11","22","20:00","-0.3","","-5.9","","66","","32","","13","","16.1","","101.81","","","","-4","","NA"
"2016-11-22 21:00","2016","11","22","21:00","-0.5","","-5.9","","67","","31","","15","","16.1","","101.82","","","","-5","","NA"
"2016-11-22 22:00","2016","11","22","22:00","-0.9","","-5.6","","71","","30","","8","","16.1","","101.83","","","","-4","","NA"
"2016-11-22 23:00","2016","11","22","23:00","-1.7","","-5.9","","73","","27","","9","","16.1","","101.83","","","","-5","","NA"
"2016-11-23 00:00","2016","11","23","00:00","-1.4","","-5.5","","74","","29","","9","","16.1","","101.86","","","","-5","","NA"
"2016-11-23 01:00","2016","11","23","01:00","-1.7","","-5.7","","74","","30","","13","","16.1","","101.86","","","","-6","","NA"
"2016-11-23 02:00","2016","11","23","02:00","-1.3","","-5.5","","73","","34","","11","","16.1","","101.87","","","","-5","","NA"
"2016-11-23 03:00","2016","11","23","03:00","-1.3","","-5.4","","74","","30","","9","","16.1","","101.90","","","","-5","","NA"
"2016-11-23 04:00","2016","11","23","04:00","-1.0","","-5.0","","74","","30","","11","","16.1","","101.92","","","","-5","","NA"
"2016-11-23 05:00","2016","11","23","05:00","-0.9","","-5.0","","74","","33","","8","","16.1","","101.91","","","","-4","","NA"
"2016-11-23 06:00","2016","11","23","06:00","-1.4","","-4.9","","77","","9","","13","","16.1","","101.93","","","","-6","","NA"
"2016-11-23 07:00","2016","11","23","07:00","-2.2","","-6.1","","75","","6","","13","","16.1","","101.91","","","","-7","","NA"
"2016-11-23 08:00","2016","11","23","08:00","-1.3","","-5.9","","71","","6","","15","","16.1","","101.94","","","","-6","","NA"
"2016-11-23 09:00","2016","11","23","09:00","-0.7","","-5.7","","69","","4","","15","","16.1","","101.92","","","","-5","","NA"
"2016-11-23 10:00","2016","11","23","10:00","-0.5","","-5.3","","70","","8","","15","","16.1","","101.89","","","","-5","","NA"
"2016-11-23 11:00","2016","11","23","11:00","-0.2","","-5.0","","70","","7","","13","","16.1","","101.83","","","","-4","","NA"
"2016-11-23 12:00","2016","11","23","12:00","-0.3","","-4.8","","72","","7","","11","","16.1","","101.82","","","","-4","","NA"
"2016-11-23 13:00","2016","11","23","13:00","0.0","","-4.3","","73","","6","","11","","16.1","","101.80","","","","-4","","NA"
"2016-11-23 14:00","2016","11","23","14:00","0.0","","-4.5","","72","","8","","15","","16.1","","101.74","","","","-4","","NA"
"2016-11-23 15:00","2016","11","23","15:00","0.1","","-4.7","","70","","5","","17","","16.1","","101.69","","","","","","NA"
"2016-11-23 16:00","2016","11","23","16:00","0.1","","-4.2","","73","","5","","24","","16.1","","101.59","","","","","","NA"
"2016-11-23 17:00","2016","11","23","17:00","0.3","","-3.0","","79","","5","","15","","16.1","","101.61","","","","","","Snow"
"2016-11-23 18:00","2016","11","23","18:00","1.1","","-1.5","","83","","6","","26","","16.1","","101.50","","","","","","Rain"
"2016-11-23 19:00","2016","11","23","19:00","1.5","","-0.8","","85","","6","","26","","16.1","","101.54","","","","","","NA"
"2016-11-23 20:00","2016","11","23","20:00","2.6","","-0.2","","82","","8","","24","","16.1","","101.51","","","","","","NA"
"2016-11-23 21:00","2016","11","23","21:00","2.8","","1.5","","91","","7","","30","","16.1","","101.45","","","","","","Rain"
"2016-11-23 22:00","2016","11","23","22:00","2.2","","-0.1","","85","","10","","22","","16.1","","101.35","","","","","","Rain"
"2016-11-23 23:00","2016","11","23","23:00","2.5","","0.7","","88","","10","","18","","16.1","","101.31","","","","","","Rain"
"2016-11-24 00:00","2016","11","24","00:00","2.5","","0.9","","89","","9","","26","","9.7","","101.29","","","","","","Rain,Fog"
"2016-11-24 01:00","2016","11","24","01:00","3.2","","1.4","","88","","8","","28","","16.1","","101.17","","","","","","Rain"
"2016-11-24 02:00","2016","11","24","02:00","3.2","","1.6","","89","","8","","28","","16.1","","101.14","","","","","","Rain"
"2016-11-24 03:00","2016","11","24","03:00","3.8","","1.8","","87","","8","","26","","16.1","","101.07","","","","","","NA"
"2016-11-24 04:00","2016","11","24","04:00","4.1","","1.8","","85","","8","","24","","16.1","","101.03","","","","","","NA"
"2016-11-24 05:00","2016","11","24","05:00","4.4","","2.3","","86","","8","","28","","16.1","","100.97","","","","","","NA"
"2016-11-24 06:00","2016","11","24","06:00","4.7","","2.6","","86","","7","","30","","16.1","","100.89","","","","","","Rain"
"2016-11-24 07:00","2016","11","24","07:00","4.4","","2.0","","84","","7","","32","","16.1","","100.86","","","","","","Rain"
"2016-11-24 08:00","2016","11","24","08:00","3.9","","2.9","","93","","7","","35","","16.1","","100.90","","","","","","Rain"
"2016-11-24 09:00","2016","11","24","09:00","4.6","","2.8","","88","","9","","17","","16.1","","100.92","","","","","","Rain"
"2016-11-24 10:00","2016","11","24","10:00","4.3","","3.1","","92","","7","","17","","12.9","","100.96","","","","","","Rain"
"2016-11-24 11:00","2016","11","24","11:00","4.8","","3.1","","89","","6","","21","","16.1","","100.94","","","","","","Rain"
"2016-11-24 12:00","2016","11","24","12:00","4.3","","3.4","","94","","6","","26","","14.5","","100.89","","","","","","Rain"
"2016-11-24 13:00","2016","11","24","13:00","4.2","","3.3","","94","","5","","26","","16.1","","100.89","","","","","","Rain"
"2016-11-24 14:00","2016","11","24","14:00","4.2","","3.2","","93","","5","","24","","16.1","","100.91","","","","","","NA"
"2016-11-24 15:00","2016","11","24","15:00","3.6","","2.7","","94","","5","","18","","4.8","","100.98","","","","","","Rain,Fog"
"2016-11-24 16:00","2016","11","24","16:00","3.8","","2.6","","92","","5","","17","","16.1","","101.06","","","","","","NA"
"2016-11-24 17:00","2016","11","24","17:00","4.0","","2.4","","89","","6","","9","","16.1","","101.13","","","","","","NA"
"2016-11-24 18:00","2016","11","24","18:00","4.0","","2.4","","89","","7","","11","","16.1","","101.21","","","","","","NA"
"2016-11-24 19:00","2016","11","24","19:00","3.9","","2.4","","90","","12","","4","","9.7","","101.26","","","","","","Fog"
"2016-11-24 20:00","2016","11","24","20:00","3.7","","3.0","","95","","12","","4","","4.8","","101.23","","","","","","Fog"
"2016-11-24 21:00","2016","11","24","21:00","3.8","","2.9","","94","","11","","4","","6.4","","101.28","","","","","","Fog"
"2016-11-24 22:00","2016","11","24","22:00","3.8","","2.5","","91","","9","","5","","12.9","","101.29","","","","","","NA"
"2016-11-24 23:00","2016","11","24","23:00","3.7","","2.4","","91","","8","","8","","6.4","","101.30","","","","","","Fog"
"2016-11-25 00:00","2016","11","25","00:00","3.6","","3.0","","96","","7","","9","","4.0","","101.31","","","","","","Fog"
"2016-11-25 01:00","2016","11","25","01:00","3.8","","3.1","","95","","7","","11","","4.8","","101.28","","","","","","Fog"
"2016-11-25 02:00","2016","11","25","02:00","4.3","","3.9","","97","","6","","11","","4.0","","101.27","","","","","","Rain,Fog"
"2016-11-25 03:00","2016","11","25","03:00","4.7","","4.3","","97","","8","","5","","4.8","","101.28","","","","","","Fog"
"2016-11-25 04:00","2016","11","25","04:00","4.8","","4.4","","97","","7","","4","","4.0","","101.25","","","","","","Fog"
"2016-11-25 05:00","2016","11","25","05:00","4.9","","4.5","","97","","","","0","","2.0","","101.25","","","","","","Fog"
"2016-11-25 06:00","2016","11","25","06:00","4.8","","4.5","","98","","","","0","","1.2","","101.27","","","","","","Rain,Fog"
"2016-11-25 07:00","2016","11","25","07:00","4.7","","4.6","","99","","14","","4","","1.6","","101.29","","","","","","Fog"
"2016-11-25 08:00","2016","11","25","08:00","4.7","","4.6","","99","","14","","4","","2.0","","101.30","","","","","","Fog"
"2016-11-25 09:00","2016","11","25","09:00","4.4","","4.3","","99","","7","","5","","8.1","","101.30","","","","","","Fog"
"2016-11-25 10:00","2016","11","25","10:00","4.8","","4.5","","98","","","","0","","6.4","","101.32","","","","","","Fog"
"2016-11-25 11:00","2016","11","25","11:00","5.4","","5.0","","97","","","","0","","3.6","","101.31","","","","","","Fog"
"2016-11-25 12:00","2016","11","25","12:00","6.0","","5.3","","95","","20","","11","","4.8","","101.24","","","","","","Fog"
"2016-11-25 13:00","2016","11","25","13:00","6.5","","5.1","","91","","22","","15","","16.1","","101.16","","","","","","NA"
"2016-11-25 14:00","2016","11","25","14:00","6.3","","4.7","","89","","22","","13","","16.1","","101.13","","","","","","NA"
"2016-11-25 15:00","2016","11","25","15:00","6.9","","3.4","","79","","24","","18","","16.1","","101.15","","","","","","NA"
"2016-11-25 16:00","2016","11","25","16:00","7.1","","3.0","","75","","26","","18","","16.1","","101.17","","","","","","NA"
"2016-11-25 17:00","2016","11","25","17:00","6.7","","2.9","","76","","25","","18","","16.1","","101.20","","","","","","NA"
"2016-11-25 18:00","2016","11","25","18:00","7.0","","2.1","","71","","26","","26","","16.1","","101.24","","","","","","NA"
"2016-11-25 19:00","2016","11","25","19:00","6.7","","2.1","","73","","27","","18","","16.1","","101.27","","","","","","NA"
"2016-11-25 20:00","2016","11","25","20:00","6.6","","2.3","","74","","26","","18","","16.1","","101.28","","","","","","NA"
"2016-11-25 21:00","2016","11","25","21:00","6.1","","2.6","","78","","26","","18","","16.1","","101.28","","","","","","NA"
"2016-11-25 22:00","2016","11","25","22:00","5.9","","2.7","","80","","26","","13","","16.1","","101.27","","","","","","NA"
"2016-11-25 23:00","2016","11","25","23:00","5.4","","3.3","","86","","24","","15","","16.1","","101.24","","","","","","NA"
"2016-11-26 00:00","2016","11","26","00:00","5.2","","3.4","","88","","24","","15","","16.1","","101.22","","","","","","NA"
"2016-11-26 01:00","2016","11","26","01:00","5.1","","3.3","","88","","24","","17","","16.1","","101.17","","","","","","NA"
"2016-11-26 02:00","2016","11","26","02:00","4.8","","3.5","","91","","24","","15","","16.1","","101.18","","","","","","Rain"
"2016-11-26 03:00","2016","11","26","03:00","4.4","","3.4","","93","","25","","17","","11.3","","101.17","","","","","","Rain"
"2016-11-26 04:00","2016","11","26","04:00","3.7","","2.5","","92","","25","","15","","14.5","","101.17","","","","","","Rain"
"2016-11-26 05:00","2016","11","26","05:00","3.6","","2.6","","93","","25","","15","","16.1","","101.18","","","","","","Rain"
"2016-11-26 06:00","2016","11","26","06:00","3.4","","2.2","","92","","27","","13","","16.1","","101.19","","","","","","NA"
"2016-11-26 07:00","2016","11","26","07:00","3.5","","2.2","","91","","27","","11","","16.1","","101.22","","","","","","Rain"
"2016-11-26 08:00","2016","11","26","08:00","3.6","","2.2","","90","","28","","9","","16.1","","101.23","","","","","","Rain"
"2016-11-26 09:00","2016","11","26","09:00","4.1","","2.1","","87","","32","","8","","16.1","","101.26","","","","","","Rain"
"2016-11-26 10:00","2016","11","26","10:00","4.7","","2.6","","86","","31","","5","","16.1","","101.27","","","","","","NA"
"2016-11-26 11:00","2016","11","26","11:00","5.3","","2.8","","84","","25","","11","","16.1","","101.26","","","","","","NA"
"2016-11-26 12:00","2016","11","26","12:00","6.5","","1.7","","71","","31","","13","","16.1","","101.20","","","","","","NA"
"2016-11-26 13:00","2016","11","26","13:00","6.9","","0.8","","65","","28","","9","","16.1","","101.15","","","","","","NA"
"2016-11-26 14:00","2016","11","26","14:00","7.0","","0.3","","62","","30","","8","","16.1","","101.12","","","","","","NA"
"2016-11-26 15:00","2016","11","26","15:00","7.0","","0.6","","64","","27","","13","","16.1","","101.12","","","","","","NA"
"2016-11-26 16:00","2016","11","26","16:00","6.7","","0.4","","64","","27","","15","","16.1","","101.15","","","","","","NA"
"2016-11-26 17:00","2016","11","26","17:00","6.5","","0.7","","66","","26","","11","","16.1","","101.16","","","","","","NA"
"2016-11-26 18:00","2016","11","26","18:00","5.8","","1.8","","75","","30","","15","","16.1","","101.17","","","","","","NA"
"2016-11-26 19:00","2016","11","26","19:00","4.8","","1.8","","81","","26","","13","","16.1","","101.18","","","","","","NA"
"2016-11-26 20:00","2016","11","26","20:00","4.6","","1.7","","81","","27","","15","","16.1","","101.18","","","","","","Rain"
"2016-11-26 21:00","2016","11","26","21:00","4.5","","1.5","","81","","28","","15","","16.1","","101.17","","","","","","Rain"
"2016-11-26 22:00","2016","11","26","22:00","4.3","","2.2","","86","","25","","18","","16.1","","101.14","","","","","","NA"
"2016-11-26 23:00","2016","11","26","23:00","4.3","","1.9","","85","","26","","15","","16.1","","101.10","","","","","","NA"
"2016-11-27 00:00","2016","11","27","00:00","4.3","","1.7","","83","","26","","15","","16.1","","101.08","","","","","","NA"
"2016-11-27 01:00","2016","11","27","01:00","4.1","","1.1","","81","","26","","21","","16.1","","101.08","","","","","","NA"
"2016-11-27 02:00","2016","11","27","02:00","3.9","","1.2","","83","","27","","17","","16.1","","101.10","","","","","","NA"
"2016-11-27 03:00","2016","11","27","03:00","3.7","","1.2","","84","","28","","13","","16.1","","101.12","","","","","","NA"
"2016-11-27 04:00","2016","11","27","04:00","3.8","","1.0","","82","","27","","15","","16.1","","101.14","","","","","","NA"
"2016-11-27 05:00","2016","11","27","05:00","3.9","","0.6","","79","","29","","13","","16.1","","101.13","","","","","","NA"
"2016-11-27 06:00","2016","11","27","06:00","4.1","","0.8","","79","","29","","18","","16.1","","101.14","","","","","","NA"
"2016-11-27 07:00","2016","11","27","07:00","3.8","","0.9","","81","","29","","18","","16.1","","101.18","","","","","","NA"
"2016-11-27 08:00","2016","11","27","08:00","3.8","","0.9","","81","","29","","13","","16.1","","101.19","","","","","","NA"
"2016-11-27 09:00","2016","11","27","09:00","4.3","","0.3","","75","","28","","17","","16.1","","101.20","","","","","","NA"
"2016-11-27 10:00","2016","11","27","10:00","4.9","","1.0","","76","","26","","17","","16.1","","101.24","","","","","","NA"
"2016-11-27 11:00","2016","11","27","11:00","6.7","","1.3","","68","","26","","17","","16.1","","101.20","","","","","","NA"
"2016-11-27 12:00","2016","11","27","12:00","7.4","","1.1","","64","","26","","15","","16.1","","101.12","","","","","","NA"
"2016-11-27 13:00","2016","11","27","13:00","7.9","","0.4","","59","","29","","13","","16.1","","101.07","","","","","","NA"
"2016-11-27 14:00","2016","11","27","14:00","6.5","","2.8","","77","","17","","13","","16.1","","101.03","","","","","","NA"
"2016-11-27 15:00","2016","11","27","15:00","7.1","","2.4","","72","","18","","9","","16.1","","101.01","","","","","","NA"
"2016-11-27 16:00","2016","11","27","16:00","7.6","","0.8","","62","","27","","15","","16.1","","101.03","","","","","","NA"
"2016-11-27 17:00","2016","11","27","17:00","6.2","","2.3","","76","","22","","5","","16.1","","101.03","","","","","","NA"
"2016-11-27 18:00","2016","11","27","18:00","5.5","","2.2","","79","","19","","4","","16.1","","101.04","","","","","","NA"
"2016-11-27 19:00","2016","11","27","19:00","5.7","","3.1","","83","","9","","5","","16.1","","101.05","","","","","","NA"
"2016-11-27 20:00","2016","11","27","20:00","5.1","","2.6","","84","","17","","5","","16.1","","101.05","","","","","","NA"
"2016-11-27 21:00","2016","11","27","21:00","5.4","","3.2","","86","","7","","8","","16.1","","101.06","","","","","","NA"
"2016-11-27 22:00","2016","11","27","22:00","4.8","","2.5","","85","","9","","13","","16.1","","101.01","","","","","","NA"
"2016-11-27 23:00","2016","11","27","23:00","4.8","","2.5","","85","","9","","9","","16.1","","100.99","","","","","","NA"
"2016-11-28 00:00","2016","11","28","00:00","4.5","","2.1","","84","","7","","11","","16.1","","100.99","","","","","","NA"
"2016-11-28 01:00","2016","11","28","01:00","4.8","","2.2","","83","","7","","9","","16.1","","100.95","","","","","","NA"
"2016-11-28 02:00","2016","11","28","02:00","4.9","","2.6","","85","","7","","13","","16.1","","100.94","","","","","","NA"
"2016-11-28 03:00","2016","11","28","03:00","5.1","","2.8","","85","","8","","13","","16.1","","100.93","","","","","","NA"
"2016-11-28 04:00","2016","11","28","04:00","5.0","","3.0","","87","","7","","13","","16.1","","100.86","","","","","","NA"
"2016-11-28 05:00","2016","11","28","05:00","5.3","","3.5","","88","","15","","13","","16.1","","100.81","","","","","","NA"
"2016-11-28 06:00","2016","11","28","06:00","5.2","","3.2","","87","","15","","13","","16.1","","100.83","","","","","","NA"
"2016-11-28 07:00","2016","11","28","07:00","5.1","","2.8","","85","","11","","11","","16.1","","100.79","","","","","","NA"
"2016-11-28 08:00","2016","11","28","08:00","4.8","","2.8","","87","","11","","11","","16.1","","100.82","","","","","","NA"
"2016-11-28 09:00","2016","11","28","09:00","5.9","","2.8","","80","","10","","13","","16.1","","100.83","","","","","","NA"
"2016-11-28 10:00","2016","11","28","10:00","6.3","","2.4","","76","","9","","15","","16.1","","100.77","","","","","","NA"
"2016-11-28 11:00","2016","11","28","11:00","6.9","","3.3","","78","","9","","13","","16.1","","100.70","","","","","","NA"
"2016-11-28 12:00","2016","11","28","12:00","6.6","","2.9","","77","","7","","17","","16.1","","100.64","","","","","","NA"
"2016-11-28 13:00","2016","11","28","13:00","6.8","","3.1","","77","","7","","30","","16.1","","100.46","","","","","","NA"
"2016-11-28 14:00","2016","11","28","14:00","6.4","","3.4","","81","","8","","24","","16.1","","100.39","","","","","","NA"
"2016-11-28 15:00","2016","11","28","15:00","7.1","","3.7","","79","","6","","18","","16.1","","100.45","","","","","","NA"
"2016-11-28 16:00","2016","11","28","16:00","6.7","","3.3","","79","","7","","26","","16.1","","100.36","","","","","","NA"
"2016-11-28 17:00","2016","11","28","17:00","6.5","","4.2","","85","","6","","32","","16.1","","100.29","","","","","","NA"
"2016-11-28 18:00","2016","11","28","18:00","6.7","","4.7","","87","","7","","26","","16.1","","100.26","","","","","","NA"
"2016-11-28 19:00","2016","11","28","19:00","7.2","","5.0","","86","","6","","22","","16.1","","100.25","","","","","","NA"
"2016-11-28 20:00","2016","11","28","20:00","7.1","","4.9","","86","","7","","24","","16.1","","100.19","","","","","","NA"
"2016-11-28 21:00","2016","11","28","21:00","6.3","","4.8","","90","","6","","32","","16.1","","100.10","","","","","","NA"
"2016-11-28 22:00","2016","11","28","22:00","6.8","","4.5","","85","","6","","35","","16.1","","99.91","","","","","","NA"
"2016-11-28 23:00","2016","11","28","23:00","6.2","","4.7","","90","","6","","28","","16.1","","100.06","","","","","","Rain"
"2016-11-29 00:00","2016","11","29","00:00","6.3","","5.0","","91","","6","","37","","12.9","","99.80","","","","","","Rain"
"2016-11-29 01:00","2016","11","29","01:00","7.4","","3.1","","74","","6","","30","","16.1","","99.65","","","","","","NA"
"2016-11-29 02:00","2016","11","29","02:00","7.4","","3.5","","76","","9","","17","","16.1","","99.69","","","","","","NA"
"2016-11-29 03:00","2016","11","29","03:00","7.2","","3.9","","79","","9","","15","","9.7","","99.68","","","","","","Rain"
"2016-11-29 04:00","2016","11","29","04:00","7.0","","4.8","","86","","8","","15","","16.1","","99.50","","","","","","Rain"
"2016-11-29 05:00","2016","11","29","05:00","7.8","","5.1","","83","","8","","18","","16.1","","99.43","","","","","","NA"
"2016-11-29 06:00","2016","11","29","06:00","8.2","","5.5","","83","","8","","18","","16.1","","99.43","","","","","","NA"
"2016-11-29 07:00","2016","11","29","07:00","7.1","","5.9","","92","","6","","18","","16.1","","99.41","","","","","","NA"
"2016-11-29 08:00","2016","11","29","08:00","7.8","","6.3","","90","","8","","9","","16.1","","99.46","","","","","","NA"
"2016-11-29 09:00","2016","11","29","09:00","9.4","","7.0","","85","","17","","5","","16.1","","99.48","","","","","","NA"
"2016-11-29 10:00","2016","11","29","10:00","8.9","","7.0","","88","","20","","15","","16.1","","99.54","","","","","","NA"
"2016-11-29 11:00","2016","11","29","11:00","9.0","","7.1","","88","","25","","8","","16.1","","99.51","","","","","","NA"
"2016-11-29 12:00","2016","11","29","12:00","9.1","","7.1","","87","","22","","9","","16.1","","99.51","","","","","","NA"
"2016-11-29 13:00","2016","11","29","13:00","9.3","","7.4","","88","","21","","15","","16.1","","99.52","","","","","","NA"
"2016-11-29 14:00","2016","11","29","14:00","9.2","","7.3","","88","","20","","11","","16.1","","99.54","","","","","","NA"
"2016-11-29 15:00","2016","11","29","15:00","9.3","","7.1","","86","","19","","13","","16.1","","99.60","","","","","","NA"
"2016-11-29 16:00","2016","11","29","16:00","8.5","","6.5","","87","","20","","15","","16.1","","99.68","","","","","","NA"
"2016-11-29 17:00","2016","11","29","17:00","8.1","","6.1","","87","","","M","4","","16.1","","99.75","","","","","","NA"
"2016-11-29 18:00","2016","11","29","18:00","8.4","","6.2","","86","","25","","9","","16.1","","99.86","","","","","","NA"
"2016-11-29 19:00","2016","11","29","19:00","7.0","","5.6","","91","","26","","9","","16.1","","99.90","","","","","","NA"
"2016-11-29 20:00","2016","11","29","20:00","6.5","","5.5","","93","","23","","8","","16.1","","99.98","","","","","","NA"
"2016-11-29 21:00","2016","11","29","21:00","6.7","","5.8","","94","","28","","5","","16.1","","99.99","","","","","","NA"
"2016-11-29 22:00","2016","11","29","22:00","6.9","","6.3","","96","","","M","4","","11.3","","99.99","","","","","","NA"
"2016-11-29 23:00","2016","11","29","23:00","6.7","","6.4","","98","","","","0","","8.1","","100.00","","","","","","Fog"
"2016-11-30 00:00","2016","11","30","00:00","6.6","","5.7","","94","","28","","4","","16.1","","100.00","","","","","","NA"
"2016-11-30 01:00","2016","11","30","01:00","5.4","","4.7","","95","","","","0","","4.8","","99.97","","","","","","Fog"
"2016-11-30 02:00","2016","11","30","02:00","5.8","","5.4","","97","","7","","9","","8.1","","99.98","","","","","","Fog"
"2016-11-30 03:00","2016","11","30","03:00","6.8","","6.2","","96","","7","","17","","9.7","","99.90","","","","","","Fog"
"2016-11-30 04:00","2016","11","30","04:00","6.8","","6.2","","96","","7","","22","","4.8","","99.84","","","","","","Fog"
"2016-11-30 05:00","2016","11","30","05:00","7.0","","6.4","","96","","7","","22","","6.4","","99.74","","","","","","Fog"
"2016-11-30 06:00","2016","11","30","06:00","7.9","","6.8","","93","","6","","24","","16.1","","99.69","","","","","","NA"
"2016-11-30 07:00","2016","11","30","07:00","8.0","","6.6","","91","","7","","22","","16.1","","99.69","","","","","","NA"
"2016-11-30 08:00","2016","11","30","08:00","8.9","","6.7","","86","","8","","9","","16.1","","99.65","","","","","","NA"
"2016-11-30 09:00","2016","11","30","09:00","8.9","","7.0","","88","","8","","17","","16.1","","99.59","","","","","","NA"
"2016-11-30 10:00","2016","11","30","10:00","9.5","","7.3","","86","","7","","18","","16.1","","99.52","","","","","","NA"
"2016-11-30 11:00","2016","11","30","11:00","10.4","","7.7","","83","","8","","11","","16.1","","99.47","","","","","","Rain"
"2016-11-30 12:00","2016","11","30","12:00","10.1","","8.2","","88","","8","","15","","16.1","","99.34","","","","","","NA"
"2016-11-30 13:00","2016","11","30","13:00","10.4","","7.8","","84","","8","","17","","16.1","","99.28","","","","","","NA"
"2016-11-30 14:00","2016","11","30","14:00","10.3","","7.6","","83","","8","","18","","16.1","","99.16","","","","","","NA"
"2016-11-30 15:00","2016","11","30","15:00","9.9","","7.3","","84","","9","","13","","16.1","","99.09","","","","","","NA"
"2016-11-30 16:00","2016","11","30","16:00","9.4","","7.7","","89","","9","","11","","16.1","","99.08","","","","","","NA"
"2016-11-30 17:00","2016","11","30","17:00","9.5","","8.3","","92","","","M","4","","16.1","","99.04","","","","","","NA"
"2016-11-30 18:00","2016","11","30","18:00","9.3","","8.4","","94","","8","","8","","16.1","","98.97","","","","","","NA"
"2016-11-30 19:00","2016","11","30","19:00","9.0","","8.4","","96","","8","","9","","11.3","","98.93","","","","","","NA"
"2016-11-30 20:00","2016","11","30","20:00","8.9","","8.5","","97","","11","","5","","4.8","","98.80","","","","","","Rain,Fog"
"2016-11-30 21:00","2016","11","30","21:00","7.4","","7.1","","98","","25","","11","","2.0","","98.81","","","","","","Rain,Fog"
"2016-11-30 22:00","2016","11","30","22:00","8.6","","7.9","","95","","26","","15","","16.1","","98.76","","","","","","Rain"
"2016-11-30 23:00","2016","11","30","23:00","7.7","","7.3","","97","","26","","13","","12.9","","98.77","","","","","","Rain"
